unicode,decimal,glyph_name
U+0020,32,space
U+0021,33,exclamation
U+0022,34,zero-width-space
U+0023,35,hashtag
U+0024,36,dollar-sign
U+0025,37,percent
U+0026,38,zero-width-space
U+0027,39,zero-width-space
U+0028,40,zero-width-space
U+0029,41,zero-width-space
U+002A,42,asterisk
U+002B,43,plus
U+002C,44,zero-width-space
U+002D,45,hyphen
U+002E,46,zero-width-space
U+002F,47,zero-width-space
U+0030,48,0
U+0031,49,1
U+0032,50,2
U+0033,51,3
U+0034,52,4
U+0035,53,5
U+0036,54,6
U+0037,55,7
U+0038,56,8
U+0039,57,9
U+003A,58,zero-width-space
U+003B,59,zero-width-space
U+003C,60,less-than
U+003D,61,equals
U+003E,62,greater-than
U+003F,63,question
U+0040,64,at
U+0041,65,a
U+0042,66,b
U+0043,67,c
U+0044,68,d
U+0045,69,e
U+0046,70,f
U+0047,71,g
U+0048,72,h
U+0049,73,i
U+004A,74,j
U+004B,75,k
U+004C,76,l
U+004D,77,m
U+004E,78,n
U+004F,79,o
U+0050,80,p
U+0051,81,q
U+0052,82,r
U+0053,83,s
U+0054,84,t
U+0055,85,u
U+0056,86,v
U+0057,87,w
U+0058,88,x
U+0059,89,y
U+005A,90,z
U+005B,91,zero-width-space
U+005C,92,zero-width-space
U+005D,93,zero-width-space
U+005E,94,zero-width-space
U+005F,95,zero-width-space
U+0060,96,zero-width-space
U+0061,97,a
U+0062,98,b
U+0063,99,c
U+0064,100,d
U+0065,101,e
U+0066,102,f
U+0067,103,g
U+0068,104,h
U+0069,105,i
U+006A,106,j
U+006B,107,k
U+006C,108,l
U+006D,109,m
U+006E,110,n
U+006F,111,o
U+0070,112,p
U+0071,113,q
U+0072,114,r
U+0073,115,s
U+0074,116,t
U+0075,117,u
U+0076,118,v
U+0077,119,w
U+0078,120,x
U+0079,121,y
U+007A,122,z
U+007B,123,zero-width-space
U+007C,124,zero-width-space
U+007D,125,zero-width-space
U+007E,126,zero-width-space
U+007F,127,zero-width-space
U+0080,128,zero-width-space
U+0081,129,zero-width-space
U+0082,130,zero-width-space
U+0083,131,zero-width-space
U+0084,132,zero-width-space
U+0085,133,zero-width-space
U+0086,134,zero-width-space
U+0087,135,zero-width-space
U+0088,136,zero-width-space
U+0089,137,zero-width-space
U+008A,138,zero-width-space
U+008B,139,zero-width-space
U+008C,140,zero-width-space
U+008D,141,zero-width-space
U+008E,142,zero-width-space
U+008F,143,zero-width-space
U+0090,144,zero-width-space
U+0091,145,zero-width-space
U+0092,146,zero-width-space
U+0093,147,zero-width-space
U+0094,148,zero-width-space
U+0095,149,zero-width-space
U+0096,150,zero-width-space
U+0097,151,zero-width-space
U+0098,152,zero-width-space
U+0099,153,zero-width-space
U+009A,154,zero-width-space
U+009B,155,zero-width-space
U+009C,156,zero-width-space
U+009D,157,zero-width-space
U+009E,158,zero-width-space
U+009F,159,zero-width-space
U+00A0,160,zero-width-space
U+00A1,161,zero-width-space
U+00A2,162,zero-width-space
U+00A3,163,sterling-sign
U+00A4,164,zero-width-space
U+00A5,165,yen-sign
U+00A6,166,zero-width-space
U+00A7,167,zero-width-space
U+00A8,168,zero-width-space
U+00A9,169,copyright
U+00AA,170,zero-width-space
U+00AB,171,angles-left
U+00AC,172,zero-width-space
U+00AD,173,zero-width-space
U+00AE,174,registered
U+00AF,175,zero-width-space
U+00B0,176,zero-width-space
U+00B1,177,zero-width-space
U+00B2,178,zero-width-space
U+00B3,179,zero-width-space
U+00B4,180,zero-width-space
U+00B5,181,zero-width-space
U+00B6,182,paragraph
U+00B7,183,zero-width-space
U+00B8,184,zero-width-space
U+00B9,185,zero-width-space
U+00BA,186,zero-width-space
U+00BB,187,angles-right
U+00BC,188,zero-width-space
U+00BD,189,zero-width-space
U+00BE,190,zero-width-space
U+00BF,191,zero-width-space
U+00C0,192,zero-width-space
U+00C1,193,zero-width-space
U+00C2,194,zero-width-space
U+00C3,195,zero-width-space
U+00C4,196,zero-width-space
U+00C5,197,zero-width-space
U+00C6,198,zero-width-space
U+00C7,199,zero-width-space
U+00C8,200,zero-width-space
U+00C9,201,zero-width-space
U+00CA,202,zero-width-space
U+00CB,203,zero-width-space
U+00CC,204,zero-width-space
U+00CD,205,zero-width-space
U+00CE,206,zero-width-space
U+00CF,207,zero-width-space
U+00D0,208,zero-width-space
U+00D1,209,zero-width-space
U+00D2,210,zero-width-space
U+00D3,211,zero-width-space
U+00D4,212,zero-width-space
U+00D5,213,zero-width-space
U+00D6,214,zero-width-space
U+00D7,215,xmark
U+00D8,216,zero-width-space
U+00D9,217,zero-width-space
U+00DA,218,zero-width-space
U+00DB,219,zero-width-space
U+00DC,220,zero-width-space
U+00DD,221,zero-width-space
U+00DE,222,zero-width-space
U+00DF,223,zero-width-space
U+00E0,224,zero-width-space
U+00E1,225,zero-width-space
U+00E2,226,zero-width-space
U+00E3,227,zero-width-space
U+00E4,228,zero-width-space
U+00E5,229,zero-width-space
U+00E6,230,zero-width-space
U+00E7,231,zero-width-space
U+00E8,232,zero-width-space
U+00E9,233,zero-width-space
U+00EA,234,zero-width-space
U+00EB,235,zero-width-space
U+00EC,236,zero-width-space
U+00ED,237,zero-width-space
U+00EE,238,zero-width-space
U+00EF,239,zero-width-space
U+00F0,240,zero-width-space
U+00F1,241,zero-width-space
U+00F2,242,zero-width-space
U+00F3,243,zero-width-space
U+00F4,244,zero-width-space
U+00F5,245,zero-width-space
U+00F6,246,zero-width-space
U+00F7,247,divide
U+00F8,248,zero-width-space
U+00F9,249,zero-width-space
U+00FA,250,zero-width-space
U+00FB,251,zero-width-space
U+00FC,252,zero-width-space
U+00FD,253,zero-width-space
U+00FE,254,zero-width-space
U+00FF,255,zero-width-space
U+0100,256,zero-width-space
U+0101,257,zero-width-space
U+0102,258,zero-width-space
U+0103,259,zero-width-space
U+0104,260,zero-width-space
U+0105,261,zero-width-space
U+0106,262,zero-width-space
U+0107,263,zero-width-space
U+0108,264,zero-width-space
U+0109,265,zero-width-space
U+010A,266,zero-width-space
U+010B,267,zero-width-space
U+010C,268,zero-width-space
U+010D,269,zero-width-space
U+010E,270,zero-width-space
U+010F,271,zero-width-space
U+0110,272,zero-width-space
U+0111,273,zero-width-space
U+0112,274,zero-width-space
U+0113,275,zero-width-space
U+0114,276,zero-width-space
U+0115,277,zero-width-space
U+0116,278,zero-width-space
U+0117,279,zero-width-space
U+0118,280,zero-width-space
U+0119,281,zero-width-space
U+011A,282,zero-width-space
U+011B,283,zero-width-space
U+011C,284,zero-width-space
U+011D,285,zero-width-space
U+011E,286,zero-width-space
U+011F,287,zero-width-space
U+0120,288,zero-width-space
U+0121,289,zero-width-space
U+0122,290,zero-width-space
U+0123,291,zero-width-space
U+0124,292,zero-width-space
U+0125,293,zero-width-space
U+0126,294,zero-width-space
U+0127,295,zero-width-space
U+0128,296,zero-width-space
U+0129,297,zero-width-space
U+012A,298,zero-width-space
U+012B,299,zero-width-space
U+012C,300,zero-width-space
U+012D,301,zero-width-space
U+012E,302,zero-width-space
U+012F,303,zero-width-space
U+0130,304,zero-width-space
U+0131,305,zero-width-space
U+0132,306,zero-width-space
U+0133,307,zero-width-space
U+0134,308,zero-width-space
U+0135,309,zero-width-space
U+0136,310,zero-width-space
U+0137,311,zero-width-space
U+0138,312,zero-width-space
U+0139,313,zero-width-space
U+013A,314,zero-width-space
U+013B,315,zero-width-space
U+013C,316,zero-width-space
U+013D,317,zero-width-space
U+013E,318,zero-width-space
U+013F,319,zero-width-space
U+0140,320,zero-width-space
U+0141,321,zero-width-space
U+0142,322,zero-width-space
U+0143,323,zero-width-space
U+0144,324,zero-width-space
U+0145,325,zero-width-space
U+0146,326,zero-width-space
U+0147,327,zero-width-space
U+0148,328,zero-width-space
U+0149,329,zero-width-space
U+014A,330,zero-width-space
U+014B,331,zero-width-space
U+014C,332,zero-width-space
U+014D,333,zero-width-space
U+014E,334,zero-width-space
U+014F,335,zero-width-space
U+0150,336,zero-width-space
U+0151,337,zero-width-space
U+0152,338,zero-width-space
U+0153,339,zero-width-space
U+0154,340,zero-width-space
U+0155,341,zero-width-space
U+0156,342,zero-width-space
U+0157,343,zero-width-space
U+0158,344,zero-width-space
U+0159,345,zero-width-space
U+015A,346,zero-width-space
U+015B,347,zero-width-space
U+015C,348,zero-width-space
U+015D,349,zero-width-space
U+015E,350,zero-width-space
U+015F,351,zero-width-space
U+0160,352,zero-width-space
U+0161,353,zero-width-space
U+0162,354,zero-width-space
U+0163,355,zero-width-space
U+0164,356,zero-width-space
U+0165,357,zero-width-space
U+0166,358,zero-width-space
U+0167,359,zero-width-space
U+0168,360,zero-width-space
U+0169,361,zero-width-space
U+016A,362,zero-width-space
U+016B,363,zero-width-space
U+016C,364,zero-width-space
U+016D,365,zero-width-space
U+016E,366,zero-width-space
U+016F,367,zero-width-space
U+0170,368,zero-width-space
U+0171,369,zero-width-space
U+0172,370,zero-width-space
U+0173,371,zero-width-space
U+0174,372,zero-width-space
U+0175,373,zero-width-space
U+0176,374,zero-width-space
U+0177,375,zero-width-space
U+0178,376,zero-width-space
U+0179,377,zero-width-space
U+017A,378,zero-width-space
U+017B,379,zero-width-space
U+017C,380,zero-width-space
U+017D,381,zero-width-space
U+017E,382,zero-width-space
U+017F,383,zero-width-space
U+0180,384,zero-width-space
U+0181,385,zero-width-space
U+0182,386,zero-width-space
U+0183,387,zero-width-space
U+0184,388,zero-width-space
U+0185,389,zero-width-space
U+0186,390,zero-width-space
U+0187,391,zero-width-space
U+0188,392,zero-width-space
U+0189,393,zero-width-space
U+018A,394,zero-width-space
U+018B,395,zero-width-space
U+018C,396,zero-width-space
U+018D,397,zero-width-space
U+018E,398,zero-width-space
U+018F,399,zero-width-space
U+0190,400,zero-width-space
U+0191,401,zero-width-space
U+0192,402,zero-width-space
U+0193,403,zero-width-space
U+0194,404,zero-width-space
U+0195,405,zero-width-space
U+0196,406,zero-width-space
U+0197,407,zero-width-space
U+0198,408,zero-width-space
U+0199,409,zero-width-space
U+019A,410,zero-width-space
U+019B,411,zero-width-space
U+019C,412,zero-width-space
U+019D,413,zero-width-space
U+019E,414,zero-width-space
U+019F,415,zero-width-space
U+01A0,416,zero-width-space
U+01A1,417,zero-width-space
U+01A2,418,zero-width-space
U+01A3,419,zero-width-space
U+01A4,420,zero-width-space
U+01A5,421,zero-width-space
U+01A6,422,zero-width-space
U+01A7,423,zero-width-space
U+01A8,424,zero-width-space
U+01A9,425,zero-width-space
U+01AA,426,zero-width-space
U+01AB,427,zero-width-space
U+01AC,428,zero-width-space
U+01AD,429,zero-width-space
U+01AE,430,zero-width-space
U+01AF,431,zero-width-space
U+01B0,432,zero-width-space
U+01B1,433,zero-width-space
U+01B2,434,zero-width-space
U+01B3,435,zero-width-space
U+01B4,436,zero-width-space
U+01B5,437,zero-width-space
U+01B6,438,zero-width-space
U+01B7,439,zero-width-space
U+01B8,440,zero-width-space
U+01B9,441,zero-width-space
U+01BA,442,zero-width-space
U+01BB,443,zero-width-space
U+01BC,444,zero-width-space
U+01BD,445,zero-width-space
U+01BE,446,zero-width-space
U+01BF,447,zero-width-space
U+01C0,448,zero-width-space
U+01C1,449,zero-width-space
U+01C2,450,zero-width-space
U+01C3,451,zero-width-space
U+01C4,452,zero-width-space
U+01C5,453,zero-width-space
U+01C6,454,zero-width-space
U+01C7,455,zero-width-space
U+01C8,456,zero-width-space
U+01C9,457,zero-width-space
U+01CA,458,zero-width-space
U+01CB,459,zero-width-space
U+01CC,460,zero-width-space
U+01CD,461,zero-width-space
U+01CE,462,zero-width-space
U+01CF,463,zero-width-space
U+01D0,464,zero-width-space
U+01D1,465,zero-width-space
U+01D2,466,zero-width-space
U+01D3,467,zero-width-space
U+01D4,468,zero-width-space
U+01D5,469,zero-width-space
U+01D6,470,zero-width-space
U+01D7,471,zero-width-space
U+01D8,472,zero-width-space
U+01D9,473,zero-width-space
U+01DA,474,zero-width-space
U+01DB,475,zero-width-space
U+01DC,476,zero-width-space
U+01DD,477,zero-width-space
U+01DE,478,zero-width-space
U+01DF,479,zero-width-space
U+01E0,480,zero-width-space
U+01E1,481,zero-width-space
U+01E2,482,zero-width-space
U+01E3,483,zero-width-space
U+01E4,484,zero-width-space
U+01E5,485,zero-width-space
U+01E6,486,zero-width-space
U+01E7,487,zero-width-space
U+01E8,488,zero-width-space
U+01E9,489,zero-width-space
U+01EA,490,zero-width-space
U+01EB,491,zero-width-space
U+01EC,492,zero-width-space
U+01ED,493,zero-width-space
U+01EE,494,zero-width-space
U+01EF,495,zero-width-space
U+01F0,496,zero-width-space
U+01F1,497,zero-width-space
U+01F2,498,zero-width-space
U+01F3,499,zero-width-space
U+01F4,500,zero-width-space
U+01F5,501,zero-width-space
U+01F6,502,zero-width-space
U+01F7,503,zero-width-space
U+01F8,504,zero-width-space
U+01F9,505,zero-width-space
U+01FA,506,zero-width-space
U+01FB,507,zero-width-space
U+01FC,508,zero-width-space
U+01FD,509,zero-width-space
U+01FE,510,zero-width-space
U+01FF,511,zero-width-space
U+0200,512,zero-width-space
U+0201,513,zero-width-space
U+0202,514,zero-width-space
U+0203,515,zero-width-space
U+0204,516,zero-width-space
U+0205,517,zero-width-space
U+0206,518,zero-width-space
U+0207,519,zero-width-space
U+0208,520,zero-width-space
U+0209,521,zero-width-space
U+020A,522,zero-width-space
U+020B,523,zero-width-space
U+020C,524,zero-width-space
U+020D,525,zero-width-space
U+020E,526,zero-width-space
U+020F,527,zero-width-space
U+0210,528,zero-width-space
U+0211,529,zero-width-space
U+0212,530,zero-width-space
U+0213,531,zero-width-space
U+0214,532,zero-width-space
U+0215,533,zero-width-space
U+0216,534,zero-width-space
U+0217,535,zero-width-space
U+0218,536,zero-width-space
U+0219,537,zero-width-space
U+021A,538,zero-width-space
U+021B,539,zero-width-space
U+021C,540,zero-width-space
U+021D,541,zero-width-space
U+021E,542,zero-width-space
U+021F,543,zero-width-space
U+0220,544,zero-width-space
U+0221,545,zero-width-space
U+0222,546,zero-width-space
U+0223,547,zero-width-space
U+0224,548,zero-width-space
U+0225,549,zero-width-space
U+0226,550,zero-width-space
U+0227,551,zero-width-space
U+0228,552,zero-width-space
U+0229,553,zero-width-space
U+022A,554,zero-width-space
U+022B,555,zero-width-space
U+022C,556,zero-width-space
U+022D,557,zero-width-space
U+022E,558,zero-width-space
U+022F,559,zero-width-space
U+0230,560,zero-width-space
U+0231,561,zero-width-space
U+0232,562,zero-width-space
U+0233,563,zero-width-space
U+0234,564,zero-width-space
U+0235,565,zero-width-space
U+0236,566,zero-width-space
U+0237,567,zero-width-space
U+0238,568,zero-width-space
U+0239,569,zero-width-space
U+023A,570,zero-width-space
U+023B,571,zero-width-space
U+023C,572,zero-width-space
U+023D,573,zero-width-space
U+023E,574,zero-width-space
U+023F,575,zero-width-space
U+0240,576,zero-width-space
U+0241,577,zero-width-space
U+0242,578,zero-width-space
U+0243,579,zero-width-space
U+0244,580,zero-width-space
U+0245,581,zero-width-space
U+0246,582,zero-width-space
U+0247,583,zero-width-space
U+0248,584,zero-width-space
U+0249,585,zero-width-space
U+024A,586,zero-width-space
U+024B,587,zero-width-space
U+024C,588,zero-width-space
U+024D,589,zero-width-space
U+024E,590,zero-width-space
U+024F,591,zero-width-space
U+0250,592,zero-width-space
U+0251,593,zero-width-space
U+0252,594,zero-width-space
U+0253,595,zero-width-space
U+0254,596,zero-width-space
U+0255,597,zero-width-space
U+0256,598,zero-width-space
U+0257,599,zero-width-space
U+0258,600,zero-width-space
U+0259,601,zero-width-space
U+025A,602,zero-width-space
U+025B,603,zero-width-space
U+025C,604,zero-width-space
U+025D,605,zero-width-space
U+025E,606,zero-width-space
U+025F,607,zero-width-space
U+0260,608,zero-width-space
U+0261,609,zero-width-space
U+0262,610,zero-width-space
U+0263,611,zero-width-space
U+0264,612,zero-width-space
U+0265,613,zero-width-space
U+0266,614,zero-width-space
U+0267,615,zero-width-space
U+0268,616,zero-width-space
U+0269,617,zero-width-space
U+026A,618,zero-width-space
U+026B,619,zero-width-space
U+026C,620,zero-width-space
U+026D,621,zero-width-space
U+026E,622,zero-width-space
U+026F,623,zero-width-space
U+0270,624,zero-width-space
U+0271,625,zero-width-space
U+0272,626,zero-width-space
U+0273,627,zero-width-space
U+0274,628,zero-width-space
U+0275,629,zero-width-space
U+0276,630,zero-width-space
U+0277,631,zero-width-space
U+0278,632,zero-width-space
U+0279,633,zero-width-space
U+027A,634,zero-width-space
U+027B,635,zero-width-space
U+027C,636,zero-width-space
U+027D,637,zero-width-space
U+027E,638,zero-width-space
U+027F,639,zero-width-space
U+0280,640,zero-width-space
U+0281,641,zero-width-space
U+0282,642,zero-width-space
U+0283,643,zero-width-space
U+0284,644,zero-width-space
U+0285,645,zero-width-space
U+0286,646,zero-width-space
U+0287,647,zero-width-space
U+0288,648,zero-width-space
U+0289,649,zero-width-space
U+028A,650,zero-width-space
U+028B,651,zero-width-space
U+028C,652,zero-width-space
U+028D,653,zero-width-space
U+028E,654,zero-width-space
U+028F,655,zero-width-space
U+0290,656,zero-width-space
U+0291,657,zero-width-space
U+0292,658,zero-width-space
U+0293,659,zero-width-space
U+0294,660,zero-width-space
U+0295,661,zero-width-space
U+0296,662,zero-width-space
U+0297,663,zero-width-space
U+0298,664,zero-width-space
U+0299,665,zero-width-space
U+029A,666,zero-width-space
U+029B,667,zero-width-space
U+029C,668,zero-width-space
U+029D,669,zero-width-space
U+029E,670,zero-width-space
U+029F,671,zero-width-space
U+02A0,672,zero-width-space
U+02A1,673,zero-width-space
U+02A2,674,zero-width-space
U+02A3,675,zero-width-space
U+02A4,676,zero-width-space
U+02A5,677,zero-width-space
U+02A6,678,zero-width-space
U+02A7,679,zero-width-space
U+02A8,680,zero-width-space
U+02A9,681,zero-width-space
U+02AA,682,zero-width-space
U+02AB,683,zero-width-space
U+02AC,684,zero-width-space
U+02AD,685,zero-width-space
U+02AE,686,zero-width-space
U+02AF,687,zero-width-space
U+02B0,688,zero-width-space
U+02B1,689,zero-width-space
U+02B2,690,zero-width-space
U+02B3,691,zero-width-space
U+02B4,692,zero-width-space
U+02B5,693,zero-width-space
U+02B6,694,zero-width-space
U+02B7,695,zero-width-space
U+02B8,696,zero-width-space
U+02B9,697,zero-width-space
U+02BA,698,zero-width-space
U+02BB,699,zero-width-space
U+02BC,700,zero-width-space
U+02BD,701,zero-width-space
U+02BE,702,zero-width-space
U+02BF,703,zero-width-space
U+02C0,704,zero-width-space
U+02C1,705,zero-width-space
U+02C2,706,zero-width-space
U+02C3,707,zero-width-space
U+02C4,708,zero-width-space
U+02C5,709,zero-width-space
U+02C6,710,zero-width-space
U+02C7,711,zero-width-space
U+02C8,712,zero-width-space
U+02C9,713,zero-width-space
U+02CA,714,zero-width-space
U+02CB,715,zero-width-space
U+02CC,716,zero-width-space
U+02CD,717,zero-width-space
U+02CE,718,zero-width-space
U+02CF,719,zero-width-space
U+02D0,720,zero-width-space
U+02D1,721,zero-width-space
U+02D2,722,zero-width-space
U+02D3,723,zero-width-space
U+02D4,724,zero-width-space
U+02D5,725,zero-width-space
U+02D6,726,zero-width-space
U+02D7,727,zero-width-space
U+02D8,728,zero-width-space
U+02D9,729,zero-width-space
U+02DA,730,zero-width-space
U+02DB,731,zero-width-space
U+02DC,732,zero-width-space
U+02DD,733,zero-width-space
U+02DE,734,zero-width-space
U+02DF,735,zero-width-space
U+02E0,736,zero-width-space
U+02E1,737,zero-width-space
U+02E2,738,zero-width-space
U+02E3,739,zero-width-space
U+02E4,740,zero-width-space
U+02E5,741,zero-width-space
U+02E6,742,zero-width-space
U+02E7,743,zero-width-space
U+02E8,744,zero-width-space
U+02E9,745,zero-width-space
U+02EA,746,zero-width-space
U+02EB,747,zero-width-space
U+02EC,748,zero-width-space
U+02ED,749,zero-width-space
U+02EE,750,zero-width-space
U+02EF,751,zero-width-space
U+02F0,752,zero-width-space
U+02F1,753,zero-width-space
U+02F2,754,zero-width-space
U+02F3,755,zero-width-space
U+02F4,756,zero-width-space
U+02F5,757,zero-width-space
U+02F6,758,zero-width-space
U+02F7,759,zero-width-space
U+02F8,760,zero-width-space
U+02F9,761,zero-width-space
U+02FA,762,zero-width-space
U+02FB,763,zero-width-space
U+02FC,764,zero-width-space
U+02FD,765,zero-width-space
U+02FE,766,zero-width-space
U+02FF,767,zero-width-space
U+0300,768,zero-width-space
U+0301,769,zero-width-space
U+0302,770,zero-width-space
U+0303,771,zero-width-space
U+0304,772,zero-width-space
U+0305,773,zero-width-space
U+0306,774,zero-width-space
U+0307,775,zero-width-space
U+0308,776,zero-width-space
U+0309,777,zero-width-space
U+030A,778,zero-width-space
U+030B,779,zero-width-space
U+030C,780,zero-width-space
U+030D,781,zero-width-space
U+030E,782,zero-width-space
U+030F,783,zero-width-space
U+0310,784,zero-width-space
U+0311,785,zero-width-space
U+0312,786,zero-width-space
U+0313,787,zero-width-space
U+0314,788,zero-width-space
U+0315,789,zero-width-space
U+0316,790,zero-width-space
U+0317,791,zero-width-space
U+0318,792,zero-width-space
U+0319,793,zero-width-space
U+031A,794,zero-width-space
U+031B,795,zero-width-space
U+031C,796,zero-width-space
U+031D,797,zero-width-space
U+031E,798,zero-width-space
U+031F,799,zero-width-space
U+0320,800,zero-width-space
U+0321,801,zero-width-space
U+0322,802,zero-width-space
U+0323,803,zero-width-space
U+0324,804,zero-width-space
U+0325,805,zero-width-space
U+0326,806,zero-width-space
U+0327,807,zero-width-space
U+0328,808,zero-width-space
U+0329,809,zero-width-space
U+032A,810,zero-width-space
U+032B,811,zero-width-space
U+032C,812,zero-width-space
U+032D,813,zero-width-space
U+032E,814,zero-width-space
U+032F,815,zero-width-space
U+0330,816,zero-width-space
U+0331,817,zero-width-space
U+0332,818,zero-width-space
U+0333,819,zero-width-space
U+0334,820,zero-width-space
U+0335,821,zero-width-space
U+0336,822,zero-width-space
U+0337,823,zero-width-space
U+0338,824,zero-width-space
U+0339,825,zero-width-space
U+033A,826,zero-width-space
U+033B,827,zero-width-space
U+033C,828,zero-width-space
U+033D,829,zero-width-space
U+033E,830,zero-width-space
U+033F,831,zero-width-space
U+0340,832,zero-width-space
U+0341,833,zero-width-space
U+0342,834,zero-width-space
U+0343,835,zero-width-space
U+0344,836,zero-width-space
U+0345,837,zero-width-space
U+0346,838,zero-width-space
U+0347,839,zero-width-space
U+0348,840,zero-width-space
U+0349,841,zero-width-space
U+034A,842,zero-width-space
U+034B,843,zero-width-space
U+034C,844,zero-width-space
U+034D,845,zero-width-space
U+034E,846,zero-width-space
U+034F,847,zero-width-space
U+0350,848,zero-width-space
U+0351,849,zero-width-space
U+0352,850,zero-width-space
U+0353,851,zero-width-space
U+0354,852,zero-width-space
U+0355,853,zero-width-space
U+0356,854,zero-width-space
U+0357,855,zero-width-space
U+0358,856,zero-width-space
U+0359,857,zero-width-space
U+035A,858,zero-width-space
U+035B,859,zero-width-space
U+035C,860,zero-width-space
U+035D,861,zero-width-space
U+035E,862,zero-width-space
U+035F,863,zero-width-space
U+0360,864,zero-width-space
U+0361,865,zero-width-space
U+0362,866,zero-width-space
U+0363,867,zero-width-space
U+0364,868,zero-width-space
U+0365,869,zero-width-space
U+0366,870,zero-width-space
U+0367,871,zero-width-space
U+0368,872,zero-width-space
U+0369,873,zero-width-space
U+036A,874,zero-width-space
U+036B,875,zero-width-space
U+036C,876,zero-width-space
U+036D,877,zero-width-space
U+036E,878,zero-width-space
U+036F,879,zero-width-space
U+0370,880,zero-width-space
U+0371,881,zero-width-space
U+0372,882,zero-width-space
U+0373,883,zero-width-space
U+0374,884,zero-width-space
U+0375,885,zero-width-space
U+0376,886,zero-width-space
U+0377,887,zero-width-space
U+0378,888,zero-width-space
U+0379,889,zero-width-space
U+037A,890,zero-width-space
U+037B,891,zero-width-space
U+037C,892,zero-width-space
U+037D,893,zero-width-space
U+037E,894,zero-width-space
U+037F,895,zero-width-space
U+0380,896,zero-width-space
U+0381,897,zero-width-space
U+0382,898,zero-width-space
U+0383,899,zero-width-space
U+0384,900,zero-width-space
U+0385,901,zero-width-space
U+0386,902,zero-width-space
U+0387,903,zero-width-space
U+0388,904,zero-width-space
U+0389,905,zero-width-space
U+038A,906,zero-width-space
U+038B,907,zero-width-space
U+038C,908,zero-width-space
U+038D,909,zero-width-space
U+038E,910,zero-width-space
U+038F,911,zero-width-space
U+0390,912,zero-width-space
U+0391,913,zero-width-space
U+0392,914,zero-width-space
U+0393,915,zero-width-space
U+0394,916,zero-width-space
U+0395,917,zero-width-space
U+0396,918,zero-width-space
U+0397,919,zero-width-space
U+0398,920,zero-width-space
U+0399,921,zero-width-space
U+039A,922,zero-width-space
U+039B,923,zero-width-space
U+039C,924,zero-width-space
U+039D,925,zero-width-space
U+039E,926,zero-width-space
U+039F,927,zero-width-space
U+03A0,928,zero-width-space
U+03A1,929,zero-width-space
U+03A2,930,zero-width-space
U+03A3,931,zero-width-space
U+03A4,932,zero-width-space
U+03A5,933,zero-width-space
U+03A6,934,zero-width-space
U+03A7,935,zero-width-space
U+03A8,936,zero-width-space
U+03A9,937,zero-width-space
U+03AA,938,zero-width-space
U+03AB,939,zero-width-space
U+03AC,940,zero-width-space
U+03AD,941,zero-width-space
U+03AE,942,zero-width-space
U+03AF,943,zero-width-space
U+03B0,944,zero-width-space
U+03B1,945,zero-width-space
U+03B2,946,zero-width-space
U+03B3,947,zero-width-space
U+03B4,948,zero-width-space
U+03B5,949,zero-width-space
U+03B6,950,zero-width-space
U+03B7,951,zero-width-space
U+03B8,952,zero-width-space
U+03B9,953,zero-width-space
U+03BA,954,zero-width-space
U+03BB,955,zero-width-space
U+03BC,956,zero-width-space
U+03BD,957,zero-width-space
U+03BE,958,zero-width-space
U+03BF,959,zero-width-space
U+03C0,960,zero-width-space
U+03C1,961,zero-width-space
U+03C2,962,zero-width-space
U+03C3,963,zero-width-space
U+03C4,964,zero-width-space
U+03C5,965,zero-width-space
U+03C6,966,zero-width-space
U+03C7,967,zero-width-space
U+03C8,968,zero-width-space
U+03C9,969,zero-width-space
U+03CA,970,zero-width-space
U+03CB,971,zero-width-space
U+03CC,972,zero-width-space
U+03CD,973,zero-width-space
U+03CE,974,zero-width-space
U+03CF,975,zero-width-space
U+03D0,976,zero-width-space
U+03D1,977,zero-width-space
U+03D2,978,zero-width-space
U+03D3,979,zero-width-space
U+03D4,980,zero-width-space
U+03D5,981,zero-width-space
U+03D6,982,zero-width-space
U+03D7,983,zero-width-space
U+03D8,984,zero-width-space
U+03D9,985,zero-width-space
U+03DA,986,zero-width-space
U+03DB,987,zero-width-space
U+03DC,988,zero-width-space
U+03DD,989,zero-width-space
U+03DE,990,zero-width-space
U+03DF,991,zero-width-space
U+03E0,992,zero-width-space
U+03E1,993,zero-width-space
U+03E2,994,zero-width-space
U+03E3,995,zero-width-space
U+03E4,996,zero-width-space
U+03E5,997,zero-width-space
U+03E6,998,zero-width-space
U+03E7,999,zero-width-space
U+03E8,1000,zero-width-space
U+03E9,1001,zero-width-space
U+03EA,1002,zero-width-space
U+03EB,1003,zero-width-space
U+03EC,1004,zero-width-space
U+03ED,1005,zero-width-space
U+03EE,1006,zero-width-space
U+03EF,1007,zero-width-space
U+03F0,1008,zero-width-space
U+03F1,1009,zero-width-space
U+03F2,1010,zero-width-space
U+03F3,1011,zero-width-space
U+03F4,1012,zero-width-space
U+03F5,1013,zero-width-space
U+03F6,1014,zero-width-space
U+03F7,1015,zero-width-space
U+03F8,1016,zero-width-space
U+03F9,1017,zero-width-space
U+03FA,1018,zero-width-space
U+03FB,1019,zero-width-space
U+03FC,1020,zero-width-space
U+03FD,1021,zero-width-space
U+03FE,1022,zero-width-space
U+03FF,1023,zero-width-space
U+0400,1024,zero-width-space
U+0401,1025,zero-width-space
U+0402,1026,zero-width-space
U+0403,1027,zero-width-space
U+0404,1028,zero-width-space
U+0405,1029,zero-width-space
U+0406,1030,zero-width-space
U+0407,1031,zero-width-space
U+0408,1032,zero-width-space
U+0409,1033,zero-width-space
U+040A,1034,zero-width-space
U+040B,1035,zero-width-space
U+040C,1036,zero-width-space
U+040D,1037,zero-width-space
U+040E,1038,zero-width-space
U+040F,1039,zero-width-space
U+0410,1040,zero-width-space
U+0411,1041,zero-width-space
U+0412,1042,zero-width-space
U+0413,1043,zero-width-space
U+0414,1044,zero-width-space
U+0415,1045,zero-width-space
U+0416,1046,zero-width-space
U+0417,1047,zero-width-space
U+0418,1048,zero-width-space
U+0419,1049,zero-width-space
U+041A,1050,zero-width-space
U+041B,1051,zero-width-space
U+041C,1052,zero-width-space
U+041D,1053,zero-width-space
U+041E,1054,zero-width-space
U+041F,1055,zero-width-space
U+0420,1056,zero-width-space
U+0421,1057,zero-width-space
U+0422,1058,zero-width-space
U+0423,1059,zero-width-space
U+0424,1060,zero-width-space
U+0425,1061,zero-width-space
U+0426,1062,zero-width-space
U+0427,1063,zero-width-space
U+0428,1064,zero-width-space
U+0429,1065,zero-width-space
U+042A,1066,zero-width-space
U+042B,1067,zero-width-space
U+042C,1068,zero-width-space
U+042D,1069,zero-width-space
U+042E,1070,zero-width-space
U+042F,1071,zero-width-space
U+0430,1072,zero-width-space
U+0431,1073,zero-width-space
U+0432,1074,zero-width-space
U+0433,1075,zero-width-space
U+0434,1076,zero-width-space
U+0435,1077,zero-width-space
U+0436,1078,zero-width-space
U+0437,1079,zero-width-space
U+0438,1080,zero-width-space
U+0439,1081,zero-width-space
U+043A,1082,zero-width-space
U+043B,1083,zero-width-space
U+043C,1084,zero-width-space
U+043D,1085,zero-width-space
U+043E,1086,zero-width-space
U+043F,1087,zero-width-space
U+0440,1088,zero-width-space
U+0441,1089,zero-width-space
U+0442,1090,zero-width-space
U+0443,1091,zero-width-space
U+0444,1092,zero-width-space
U+0445,1093,zero-width-space
U+0446,1094,zero-width-space
U+0447,1095,zero-width-space
U+0448,1096,zero-width-space
U+0449,1097,zero-width-space
U+044A,1098,zero-width-space
U+044B,1099,zero-width-space
U+044C,1100,zero-width-space
U+044D,1101,zero-width-space
U+044E,1102,zero-width-space
U+044F,1103,zero-width-space
U+0450,1104,zero-width-space
U+0451,1105,zero-width-space
U+0452,1106,zero-width-space
U+0453,1107,zero-width-space
U+0454,1108,zero-width-space
U+0455,1109,zero-width-space
U+0456,1110,zero-width-space
U+0457,1111,zero-width-space
U+0458,1112,zero-width-space
U+0459,1113,zero-width-space
U+045A,1114,zero-width-space
U+045B,1115,zero-width-space
U+045C,1116,zero-width-space
U+045D,1117,zero-width-space
U+045E,1118,zero-width-space
U+045F,1119,zero-width-space
U+0460,1120,zero-width-space
U+0461,1121,zero-width-space
U+0462,1122,zero-width-space
U+0463,1123,zero-width-space
U+0464,1124,zero-width-space
U+0465,1125,zero-width-space
U+0466,1126,zero-width-space
U+0467,1127,zero-width-space
U+0468,1128,zero-width-space
U+0469,1129,zero-width-space
U+046A,1130,zero-width-space
U+046B,1131,zero-width-space
U+046C,1132,zero-width-space
U+046D,1133,zero-width-space
U+046E,1134,zero-width-space
U+046F,1135,zero-width-space
U+0470,1136,zero-width-space
U+0471,1137,zero-width-space
U+0472,1138,zero-width-space
U+0473,1139,zero-width-space
U+0474,1140,zero-width-space
U+0475,1141,zero-width-space
U+0476,1142,zero-width-space
U+0477,1143,zero-width-space
U+0478,1144,zero-width-space
U+0479,1145,zero-width-space
U+047A,1146,zero-width-space
U+047B,1147,zero-width-space
U+047C,1148,zero-width-space
U+047D,1149,zero-width-space
U+047E,1150,zero-width-space
U+047F,1151,zero-width-space
U+0480,1152,zero-width-space
U+0481,1153,zero-width-space
U+0482,1154,zero-width-space
U+0483,1155,zero-width-space
U+0484,1156,zero-width-space
U+0485,1157,zero-width-space
U+0486,1158,zero-width-space
U+0487,1159,zero-width-space
U+0488,1160,zero-width-space
U+0489,1161,zero-width-space
U+048A,1162,zero-width-space
U+048B,1163,zero-width-space
U+048C,1164,zero-width-space
U+048D,1165,zero-width-space
U+048E,1166,zero-width-space
U+048F,1167,zero-width-space
U+0490,1168,zero-width-space
U+0491,1169,zero-width-space
U+0492,1170,zero-width-space
U+0493,1171,zero-width-space
U+0494,1172,zero-width-space
U+0495,1173,zero-width-space
U+0496,1174,zero-width-space
U+0497,1175,zero-width-space
U+0498,1176,zero-width-space
U+0499,1177,zero-width-space
U+049A,1178,zero-width-space
U+049B,1179,zero-width-space
U+049C,1180,zero-width-space
U+049D,1181,zero-width-space
U+049E,1182,zero-width-space
U+049F,1183,zero-width-space
U+04A0,1184,zero-width-space
U+04A1,1185,zero-width-space
U+04A2,1186,zero-width-space
U+04A3,1187,zero-width-space
U+04A4,1188,zero-width-space
U+04A5,1189,zero-width-space
U+04A6,1190,zero-width-space
U+04A7,1191,zero-width-space
U+04A8,1192,zero-width-space
U+04A9,1193,zero-width-space
U+04AA,1194,zero-width-space
U+04AB,1195,zero-width-space
U+04AC,1196,zero-width-space
U+04AD,1197,zero-width-space
U+04AE,1198,zero-width-space
U+04AF,1199,zero-width-space
U+04B0,1200,zero-width-space
U+04B1,1201,zero-width-space
U+04B2,1202,zero-width-space
U+04B3,1203,zero-width-space
U+04B4,1204,zero-width-space
U+04B5,1205,zero-width-space
U+04B6,1206,zero-width-space
U+04B7,1207,zero-width-space
U+04B8,1208,zero-width-space
U+04B9,1209,zero-width-space
U+04BA,1210,zero-width-space
U+04BB,1211,zero-width-space
U+04BC,1212,zero-width-space
U+04BD,1213,zero-width-space
U+04BE,1214,zero-width-space
U+04BF,1215,zero-width-space
U+04C0,1216,zero-width-space
U+04C1,1217,zero-width-space
U+04C2,1218,zero-width-space
U+04C3,1219,zero-width-space
U+04C4,1220,zero-width-space
U+04C5,1221,zero-width-space
U+04C6,1222,zero-width-space
U+04C7,1223,zero-width-space
U+04C8,1224,zero-width-space
U+04C9,1225,zero-width-space
U+04CA,1226,zero-width-space
U+04CB,1227,zero-width-space
U+04CC,1228,zero-width-space
U+04CD,1229,zero-width-space
U+04CE,1230,zero-width-space
U+04CF,1231,zero-width-space
U+04D0,1232,zero-width-space
U+04D1,1233,zero-width-space
U+04D2,1234,zero-width-space
U+04D3,1235,zero-width-space
U+04D4,1236,zero-width-space
U+04D5,1237,zero-width-space
U+04D6,1238,zero-width-space
U+04D7,1239,zero-width-space
U+04D8,1240,zero-width-space
U+04D9,1241,zero-width-space
U+04DA,1242,zero-width-space
U+04DB,1243,zero-width-space
U+04DC,1244,zero-width-space
U+04DD,1245,zero-width-space
U+04DE,1246,zero-width-space
U+04DF,1247,zero-width-space
U+04E0,1248,zero-width-space
U+04E1,1249,zero-width-space
U+04E2,1250,zero-width-space
U+04E3,1251,zero-width-space
U+04E4,1252,zero-width-space
U+04E5,1253,zero-width-space
U+04E6,1254,zero-width-space
U+04E7,1255,zero-width-space
U+04E8,1256,zero-width-space
U+04E9,1257,zero-width-space
U+04EA,1258,zero-width-space
U+04EB,1259,zero-width-space
U+04EC,1260,zero-width-space
U+04ED,1261,zero-width-space
U+04EE,1262,zero-width-space
U+04EF,1263,zero-width-space
U+04F0,1264,zero-width-space
U+04F1,1265,zero-width-space
U+04F2,1266,zero-width-space
U+04F3,1267,zero-width-space
U+04F4,1268,zero-width-space
U+04F5,1269,zero-width-space
U+04F6,1270,zero-width-space
U+04F7,1271,zero-width-space
U+04F8,1272,zero-width-space
U+04F9,1273,zero-width-space
U+04FA,1274,zero-width-space
U+04FB,1275,zero-width-space
U+04FC,1276,zero-width-space
U+04FD,1277,zero-width-space
U+04FE,1278,zero-width-space
U+04FF,1279,zero-width-space
U+0500,1280,zero-width-space
U+0501,1281,zero-width-space
U+0502,1282,zero-width-space
U+0503,1283,zero-width-space
U+0504,1284,zero-width-space
U+0505,1285,zero-width-space
U+0506,1286,zero-width-space
U+0507,1287,zero-width-space
U+0508,1288,zero-width-space
U+0509,1289,zero-width-space
U+050A,1290,zero-width-space
U+050B,1291,zero-width-space
U+050C,1292,zero-width-space
U+050D,1293,zero-width-space
U+050E,1294,zero-width-space
U+050F,1295,zero-width-space
U+0510,1296,zero-width-space
U+0511,1297,zero-width-space
U+0512,1298,zero-width-space
U+0513,1299,zero-width-space
U+0514,1300,zero-width-space
U+0515,1301,zero-width-space
U+0516,1302,zero-width-space
U+0517,1303,zero-width-space
U+0518,1304,zero-width-space
U+0519,1305,zero-width-space
U+051A,1306,zero-width-space
U+051B,1307,zero-width-space
U+051C,1308,zero-width-space
U+051D,1309,zero-width-space
U+051E,1310,zero-width-space
U+051F,1311,zero-width-space
U+0520,1312,zero-width-space
U+0521,1313,zero-width-space
U+0522,1314,zero-width-space
U+0523,1315,zero-width-space
U+0524,1316,zero-width-space
U+0525,1317,zero-width-space
U+0526,1318,zero-width-space
U+0527,1319,zero-width-space
U+0528,1320,zero-width-space
U+0529,1321,zero-width-space
U+052A,1322,zero-width-space
U+052B,1323,zero-width-space
U+052C,1324,zero-width-space
U+052D,1325,zero-width-space
U+052E,1326,zero-width-space
U+052F,1327,zero-width-space
U+200B,8203,zero-width-space
U+2010,8208,zero-width-space
U+2011,8209,zero-width-space
U+2013,8211,minus
U+2014,8212,zero-width-space
U+2018,8216,zero-width-space
U+2019,8217,zero-width-space
U+201C,8220,quote-left
U+201D,8221,quote-right
U+2020,8224,zero-width-space
U+2021,8225,zero-width-space
U+2026,8230,zero-width-space
U+2030,8240,zero-width-space
U+2032,8242,zero-width-space
U+2033,8243,zero-width-space
U+2039,8249,angle-left
U+203A,8250,angle-right
U+20A4,8356,lira-sign
U+20A8,8360,rupee-sign
U+20A9,8361,won-sign
U+20AA,8362,shekel-sign
U+20AC,8364,euro-sign
U+20B4,8372,hryvnia-sign
U+20B8,8376,tenge-sign
U+20BD,8381,ruble-sign
U+2122,8482,trademark
U+2190,8592,arrow-left
U+2191,8593,arrow-up
U+2192,8594,arrow-right
U+2193,8595,arrow-down
U+2194,8596,left-right
U+2195,8597,up-down
U+2197,8599,square-up-right
U+21BA,8634,arrow-rotate-left
U+21BB,8635,arrow-rotate-right
U+21C4,8644,arrow-right-arrow-left
U+2212,8722,minus
U+221E,8734,infinity
U+2303,8963,angle-up
U+2304,8964,angle-down
U+231B,8987,hourglass-end
U+2328,9000,keyboard
U+2329,9001,chevron-left
U+232A,9002,chevron-right
U+232B,9003,delete-left
U+2399,9113,print
U+23CF,9167,eject
U+23E9,9193,forward
U+23EA,9194,backward
U+23ED,9197,forward-fast
U+23EE,9198,backward-fast
U+23F0,9200,alarm-clock
U+23F1,9201,stopwatch
U+23F3,9203,hourglass
U+23F8,9208,pause
U+23F9,9209,stop
U+23FB,9211,power-off
U+23FE,9214,moon
U+24BD,9405,circle-h
U+25A0,9632,square
U+25B6,9654,play
U+25CF,9679,circle
U+25D0,9680,circle-half-stroke
U+25FB,9723,square
U+25FC,9724,square
U+2600,9728,sun
U+2601,9729,cloud
U+2603,9731,snowman
U+2604,9732,meteor
U+2611,9745,square-check
U+2615,9749,mug-hot
U+261D,9757,hand-point-up
U+2620,9760,skull-crossbones
U+2622,9762,circle-radiation
U+2623,9763,biohazard
U+2625,9765,ankh
U+262A,9770,star-and-crescent
U+262C,9772,khanda
U+262E,9774,peace
U+262F,9775,yin-yang
U+2638,9784,dharmachakra
U+2639,9785,face-frown
U+263F,9791,mercury
U+2640,9792,venus
U+2642,9794,mars
U+265A,9818,chess-king
U+265B,9819,chess-queen
U+265C,9820,chess-rook
U+265D,9821,chess-bishop
U+265E,9822,chess-knight
U+265F,9823,chess-pawn
U+2665,9829,heart
U+2666,9830,diamond
U+2672,9842,recycle
U+267A,9850,recycle
U+267B,9851,recycle
U+267E,9854,infinity
U+2680,9856,dice-one
U+2681,9857,dice-two
U+2682,9858,dice-three
U+2683,9859,dice-four
U+2684,9860,dice-five
U+2685,9861,dice-six
U+2693,9875,anchor
U+2696,9878,scale-balanced
U+2699,9881,gear
U+269B,9883,atom
U+26A0,9888,triangle-exclamation
U+26A1,9889,bolt
U+26A2,9890,venus-double
U+26A3,9891,mars-double
U+26A4,9892,venus-mars
U+26A5,9893,mars-and-venus
U+26A6,9894,mars-stroke
U+26A7,9895,transgender
U+26A8,9896,mars-stroke-up
U+26A9,9897,mars-stroke-right
U+26AA,9898,circle
U+26AB,9899,circle
U+26B2,9906,neuter
U+26BD,9917,futbol
U+26BE,9918,baseball
U+26C4,9924,snowman
U+26C5,9925,cloud-sun
U+26C6,9926,cloud-rain
U+26DF,9951,truck
U+26E9,9961,torii-gate
U+26EA,9962,church
U+26F7,9975,person-skiing
U+26FA,9978,campground
U+26FD,9981,gas-pump
U+2700,9984,scissors
U+2702,9986,scissors
U+2704,9988,scissors
U+2705,9989,square-check
U+2709,9993,envelope
U+270A,9994,hand-fist
U+270B,9995,hand
U+270C,9996,hand-peace
U+270F,9999,pencil
U+2711,10001,pen-nib
U+2712,10002,pen-fancy
U+2713,10003,check
U+2714,10004,check
U+2715,10005,xmark
U+2716,10006,xmark
U+271D,10013,cross
U+2721,10017,star-of-david
U+2731,10033,asterisk
U+2744,10052,snowflake
U+2746,10054,snowflake
U+274C,10060,xmark
U+274E,10062,square-xmark
U+2753,10067,question
U+2754,10068,question
U+2755,10069,exclamation
U+2757,10071,exclamation
U+2764,10084,heart
U+2795,10133,plus
U+2796,10134,minus
U+2797,10135,divide
U+2934,10548,turn-up
U+2935,10549,turn-down
U+2B0D,11021,up-down
U+2B1B,11035,square-full
U+2B1C,11036,square-full
U+2B23,11043,hexagon
U+2B24,11044,circle
U+2B50,11088,star
U+E005,57349,faucet
U+E006,57350,faucet-drip
U+E00D,57357,house-chimney-window
U+E012,57362,house-signal
U+E03F,57407,temperature-arrow-down
U+E040,57408,temperature-arrow-up
U+E041,57409,trailer
U+E059,57433,bacteria
U+E05A,57434,bacterium
U+E05B,57435,box-tissue
U+E05C,57436,hand-holding-medical
U+E05D,57437,hand-sparkles
U+E05E,57438,hands-bubbles
U+E05F,57439,handshake-slash
U+E060,57440,handshake-slash
U+E061,57441,head-side-cough
U+E062,57442,head-side-cough-slash
U+E063,57443,head-side-mask
U+E064,57444,head-side-virus
U+E065,57445,house-chimney-user
U+E066,57446,house-laptop
U+E067,57447,lungs-virus
U+E068,57448,people-arrows
U+E069,57449,plane-slash
U+E06A,57450,pump-medical
U+E06B,57451,pump-soap
U+E06C,57452,shield-virus
U+E06D,57453,sink
U+E06E,57454,soap
U+E06F,57455,stopwatch-20
U+E070,57456,shop-slash
U+E071,57457,store-slash
U+E072,57458,toilet-paper-slash
U+E073,57459,users-slash
U+E074,57460,virus
U+E075,57461,virus-slash
U+E076,57462,viruses
U+E085,57477,vest
U+E086,57478,vest-patches
U+E097,57495,arrow-trend-down
U+E098,57496,arrow-trend-up
U+E09A,57498,arrow-up-from-bracket
U+E0A9,57513,austral-sign
U+E0AC,57516,baht-sign
U+E0B4,57524,bitcoin-sign
U+E0B7,57527,bolt-lightning
U+E0BB,57531,book-bookmark
U+E0CF,57551,cable-car
U+E0D8,57560,camera-rotate
U+E0DF,57567,cedi-sign
U+E0E3,57571,chart-column
U+E0E4,57572,chart-gantt
U+E131,57649,clapperboard
U+E135,57653,closed-captioning-slash
U+E139,57657,clover
U+E13A,57658,code-compare
U+E13B,57659,code-fork
U+E13C,57660,code-pull-request
U+E140,57664,colon-sign
U+E152,57682,cruzeiro-sign
U+E163,57699,display
U+E169,57705,dong-sign
U+E16D,57709,elevator
U+E17B,57723,filter-circle-xmark
U+E184,57732,florin-sign
U+E185,57733,folder-closed
U+E18F,57743,franc-sign
U+E19A,57754,guarani-sign
U+E19B,57755,gun
U+E1A8,57768,hands-clapping
U+E1B0,57776,house-user
U+E1BC,57788,indian-rupee-sign
U+E1C4,57796,kip-sign
U+E1C8,57800,lari-sign
U+E1D3,57811,litecoin-sign
U+E1D5,57813,manat-sign
U+E1D7,57815,mask-face
U+E1ED,57837,mill-sign
U+E1F3,57843,money-bills
U+E1F6,57846,naira-sign
U+E1FE,57854,notdef
U+E209,57865,panorama
U+E221,57889,peseta-sign
U+E222,57890,peso-sign
U+E22D,57901,plane-up
U+E23D,57917,rupiah-sign
U+E289,57993,stairs
U+E29C,58012,timeline
U+E2B7,58039,truck-front
U+E2BB,58043,turkish-lira-sign
U+E2C5,58053,vault
U+E2C7,58055,draw-polygon
U+E2CA,58058,wand-magic-sparkles
U+E2CD,58061,wheat-awn
U+E2CE,58062,wheelchair-move
U+E2E6,58086,bangladeshi-taka-sign
U+E2EB,58091,bowl-rice
U+E307,58119,grip
U+E31E,58142,person-pregnant
U+E3AF,58287,house-chimney
U+E3B1,58289,house-crack
U+E3B2,58290,house-medical
U+E3F5,58357,cent-sign
U+E43C,58428,plus-minus
U+E445,58437,sailboat
U+E447,58439,section
U+E448,58440,shrimp
U+E46C,58476,brazilian-real-sign
U+E473,58483,chart-simple
U+E476,58486,diagram-next
U+E477,58487,diagram-predecessor
U+E47A,58490,diagram-successor
U+E47B,58491,earth-oceania
U+E490,58512,bug-slash
U+E494,58516,file-circle-plus
U+E4A5,58533,shop-lock
U+E4A8,58536,virus-covid
U+E4A9,58537,virus-covid-slash
U+E4AA,58538,anchor-circle-check
U+E4AB,58539,anchor-circle-exclamation
U+E4AC,58540,anchor-circle-xmark
U+E4AD,58541,anchor-lock
U+E4AF,58543,arrow-down-up-across-line
U+E4B0,58544,arrow-down-up-lock
U+E4B3,58547,arrow-right-to-city
U+E4B5,58549,arrow-up-from-ground-water
U+E4B6,58550,arrow-up-from-water-pump
U+E4B7,58551,arrow-up-right-dots
U+E4B8,58552,arrows-down-to-line
U+E4B9,58553,arrows-down-to-people
U+E4BA,58554,arrows-left-right-to-line
U+E4BB,58555,arrows-spin
U+E4BC,58556,arrows-split-up-and-left
U+E4BD,58557,arrows-to-circle
U+E4BE,58558,arrows-to-dot
U+E4BF,58559,arrows-to-eye
U+E4C0,58560,arrows-turn-right
U+E4C1,58561,arrows-turn-to-dots
U+E4C2,58562,arrows-up-to-line
U+E4C3,58563,bore-hole
U+E4C4,58564,bottle-droplet
U+E4C5,58565,bottle-water
U+E4C6,58566,bowl-food
U+E4C7,58567,boxes-packing
U+E4C8,58568,bridge
U+E4C9,58569,bridge-circle-check
U+E4CA,58570,bridge-circle-exclamation
U+E4CB,58571,bridge-circle-xmark
U+E4CC,58572,bridge-lock
U+E4CE,58574,bridge-water
U+E4CF,58575,bucket
U+E4D0,58576,bugs
U+E4D1,58577,building-circle-arrow-right
U+E4D2,58578,building-circle-check
U+E4D3,58579,building-circle-exclamation
U+E4D4,58580,building-circle-xmark
U+E4D5,58581,building-flag
U+E4D6,58582,building-lock
U+E4D7,58583,building-ngo
U+E4D8,58584,building-shield
U+E4D9,58585,building-un
U+E4DA,58586,building-user
U+E4DB,58587,building-wheat
U+E4DC,58588,burst
U+E4DD,58589,car-on
U+E4DE,58590,car-tunnel
U+E4E0,58592,child-combatant
U+E4E1,58593,children
U+E4E2,58594,circle-nodes
U+E4E3,58595,clipboard-question
U+E4E4,58596,cloud-showers-water
U+E4E5,58597,computer
U+E4E6,58598,cubes-stacked
U+E4E8,58600,envelope-circle-check
U+E4E9,58601,explosion
U+E4EA,58602,ferry
U+E4EB,58603,file-circle-exclamation
U+E4ED,58605,file-circle-minus
U+E4EE,58606,file-circle-plus
U+E4EF,58607,file-circle-question
U+E4F0,58608,file-shield
U+E4F1,58609,fire-burner
U+E4F2,58610,fish-fins
U+E4F3,58611,flask-vial
U+E4F4,58612,glass-water
U+E4F5,58613,glass-water-droplet
U+E4F6,58614,group-arrows-rotate
U+E4F7,58615,hand-holding-hand
U+E4F8,58616,handcuffs
U+E4F9,58617,hands-bound
U+E4FA,58618,hands-holding-child
U+E4FB,58619,hands-holding-circle
U+E4FC,58620,heart-circle-bolt
U+E4FD,58621,heart-circle-check
U+E4FE,58622,heart-circle-exclamation
U+E4FF,58623,heart-circle-minus
U+E500,58624,heart-circle-plus
U+E501,58625,heart-circle-xmark
U+E502,58626,helicopter-symbol
U+E503,58627,helmet-un
U+E507,58631,hill-avalanche
U+E508,58632,hill-rockslide
U+E509,58633,house-circle-check
U+E50A,58634,house-circle-exclamation
U+E50B,58635,house-circle-xmark
U+E50C,58636,house-fire
U+E50D,58637,house-flag
U+E50E,58638,house-flood-water
U+E50F,58639,house-flood-water-circle-arrow-right
U+E510,58640,house-lock
U+E511,58641,house-medical-circle-check
U+E512,58642,house-medical-circle-exclamation
U+E513,58643,house-medical-circle-xmark
U+E514,58644,house-medical-flag
U+E515,58645,house-tsunami
U+E516,58646,jar
U+E517,58647,jar-wheat
U+E518,58648,jet-fighter-up
U+E519,58649,jug-detergent
U+E51A,58650,kitchen-set
U+E51B,58651,land-mine-on
U+E51C,58652,landmark-flag
U+E51D,58653,laptop-file
U+E51E,58654,lines-leaning
U+E51F,58655,location-pin-lock
U+E520,58656,locust
U+E521,58657,magnifying-glass-arrow-right
U+E522,58658,magnifying-glass-chart
U+E523,58659,mars-and-venus-burst
U+E524,58660,mask-ventilator
U+E525,58661,mattress-pillow
U+E527,58663,mobile-retro
U+E528,58664,money-bill-transfer
U+E529,58665,money-bill-trend-up
U+E52A,58666,money-bill-wheat
U+E52B,58667,mosquito
U+E52C,58668,mosquito-net
U+E52D,58669,mound
U+E52E,58670,mountain-city
U+E52F,58671,mountain-sun
U+E532,58674,oil-well
U+E533,58675,people-group
U+E534,58676,people-line
U+E535,58677,people-pulling
U+E536,58678,people-robbery
U+E537,58679,people-roof
U+E538,58680,person-arrow-down-to-line
U+E539,58681,person-arrow-up-from-line
U+E53A,58682,person-breastfeeding
U+E53B,58683,person-burst
U+E53C,58684,person-cane
U+E53D,58685,person-chalkboard
U+E53E,58686,person-circle-check
U+E53F,58687,person-circle-exclamation
U+E540,58688,person-circle-minus
U+E541,58689,person-circle-plus
U+E542,58690,person-circle-question
U+E543,58691,person-circle-xmark
U+E544,58692,person-dress-burst
U+E545,58693,person-drowning
U+E546,58694,person-falling
U+E547,58695,person-falling-burst
U+E548,58696,person-half-dress
U+E549,58697,person-harassing
U+E54A,58698,person-military-pointing
U+E54B,58699,person-military-rifle
U+E54C,58700,person-military-to-person
U+E54D,58701,person-rays
U+E54E,58702,person-rifle
U+E54F,58703,person-shelter
U+E551,58705,person-walking-arrow-loop-left
U+E552,58706,person-walking-arrow-right
U+E553,58707,person-walking-dashed-line-arrow-right
U+E554,58708,person-walking-luggage
U+E555,58709,plane-circle-check
U+E556,58710,plane-circle-exclamation
U+E557,58711,plane-circle-xmark
U+E558,58712,plane-lock
U+E55A,58714,plate-wheat
U+E55B,58715,plug-circle-bolt
U+E55C,58716,plug-circle-check
U+E55D,58717,plug-circle-exclamation
U+E55E,58718,plug-circle-minus
U+E55F,58719,plug-circle-plus
U+E560,58720,plug-circle-xmark
U+E561,58721,ranking-star
U+E562,58722,road-barrier
U+E563,58723,road-bridge
U+E564,58724,road-circle-check
U+E565,58725,road-circle-exclamation
U+E566,58726,road-circle-xmark
U+E567,58727,road-lock
U+E568,58728,road-spikes
U+E569,58729,rug
U+E56A,58730,sack-xmark
U+E56B,58731,school-circle-check
U+E56C,58732,school-circle-exclamation
U+E56D,58733,school-circle-xmark
U+E56E,58734,school-flag
U+E56F,58735,school-lock
U+E571,58737,sheet-plastic
U+E572,58738,shield-cat
U+E573,58739,shield-dog
U+E574,58740,shield-heart
U+E576,58742,square-nfi
U+E577,58743,square-person-confined
U+E578,58744,square-virus
U+E579,58745,staff-snake
U+E57A,58746,sun-plant-wilt
U+E57B,58747,tarp
U+E57C,58748,tarp-droplet
U+E57D,58749,tent
U+E57E,58750,tent-arrow-down-to-line
U+E57F,58751,tent-arrow-left-right
U+E580,58752,tent-arrow-turn-left
U+E581,58753,tent-arrows-down
U+E582,58754,tents
U+E583,58755,toilet-portable
U+E584,58756,toilets-portable
U+E585,58757,tower-cell
U+E586,58758,tower-observation
U+E587,58759,tree-city
U+E589,58761,trowel
U+E58A,58762,trowel-bricks
U+E58B,58763,truck-arrow-right
U+E58C,58764,truck-droplet
U+E58D,58765,truck-field
U+E58E,58766,truck-field-un
U+E58F,58767,truck-plane
U+E591,58769,users-between-lines
U+E592,58770,users-line
U+E593,58771,users-rays
U+E594,58772,users-rectangle
U+E595,58773,users-viewfinder
U+E596,58774,vial-circle-check
U+E597,58775,vial-virus
U+E598,58776,wheat-awn-circle-exclamation
U+E599,58777,worm
U+E59A,58778,xmarks-lines
U+E59C,58780,child-dress
U+E59D,58781,child-reaching
U+E5A0,58784,file-circle-check
U+E5A1,58785,file-circle-xmark
U+E5A9,58793,person-through-window
U+E5AA,58794,plant-wilt
U+E5AF,58799,stapler
U+E5B4,58804,train-tram
U+E678,59000,table-cells-column-lock
U+E67A,59002,table-cells-row-lock
U+E682,59010,web-awesome
U+E68F,59023,thumbtack-slash
U+E691,59025,table-cells-row-unlock
U+E695,59029,chart-diagram
U+E696,59030,comment-nodes
U+E697,59031,file-fragment
U+E698,59032,file-half-dashed
U+E699,59033,hexagon-nodes
U+E69A,59034,hexagon-nodes-bolt
U+E69B,59035,square-binary
U+E790,59280,pentagon
U+E807,59399,non-binary
U+E80A,59402,spiral
U+E80B,59403,picture-in-picture
U+E816,59414,mobile-vibrate
U+E81B,59419,single-quote-left
U+E81C,59420,single-quote-right
U+E81D,59421,bus-side
U+E820,59424,septagon
U+E845,59461,aquarius
U+E846,59462,aries
U+E847,59463,cancer
U+E848,59464,capricorn
U+E849,59465,gemini
U+E84A,59466,leo
U+E84B,59467,libra
U+E84C,59468,pisces
U+E84D,59469,sagittarius
U+E84E,59470,scorpio
U+E84F,59471,taurus
U+E850,59472,virgo
U+F000,61440,martini-glass-empty
U+F001,61441,music
U+F002,61442,magnifying-glass
U+F003,61443,envelope
U+F004,61444,heart
U+F005,61445,star
U+F006,61446,star
U+F007,61447,user
U+F008,61448,film
U+F009,61449,table-cells-large
U+F00A,61450,table-cells
U+F00B,61451,table-list
U+F00C,61452,check
U+F00D,61453,xmark
U+F00E,61454,magnifying-glass-plus
U+F010,61456,magnifying-glass-minus
U+F011,61457,power-off
U+F012,61458,signal
U+F013,61459,gear
U+F014,61460,trash-can
U+F015,61461,house
U+F016,61462,file
U+F017,61463,clock
U+F018,61464,road
U+F019,61465,download
U+F01A,61466,circle-down
U+F01B,61467,circle-up
U+F01C,61468,inbox
U+F01D,61469,circle-play
U+F01E,61470,arrow-rotate-right
U+F021,61473,arrows-rotate
U+F022,61474,rectangle-list
U+F023,61475,lock
U+F024,61476,flag
U+F025,61477,headphones
U+F026,61478,volume-off
U+F027,61479,volume-low
U+F028,61480,volume-high
U+F029,61481,qrcode
U+F02A,61482,barcode
U+F02B,61483,tag
U+F02C,61484,tags
U+F02D,61485,book
U+F02E,61486,bookmark
U+F02F,61487,print
U+F030,61488,camera
U+F031,61489,font
U+F032,61490,bold
U+F033,61491,italic
U+F034,61492,text-height
U+F035,61493,text-width
U+F036,61494,align-left
U+F037,61495,align-center
U+F038,61496,align-right
U+F039,61497,align-justify
U+F03A,61498,list
U+F03B,61499,outdent
U+F03C,61500,indent
U+F03D,61501,video
U+F03E,61502,image
U+F040,61504,pencil
U+F041,61505,location-pin
U+F042,61506,circle-half-stroke
U+F043,61507,droplet
U+F044,61508,pen-to-square
U+F045,61509,share-from-square
U+F046,61510,square-check
U+F047,61511,arrows-up-down-left-right
U+F048,61512,backward-step
U+F049,61513,backward-fast
U+F04A,61514,backward
U+F04B,61515,play
U+F04C,61516,pause
U+F04D,61517,stop
U+F04E,61518,forward
U+F050,61520,forward-fast
U+F051,61521,forward-step
U+F052,61522,eject
U+F053,61523,chevron-left
U+F054,61524,chevron-right
U+F055,61525,circle-plus
U+F056,61526,circle-minus
U+F057,61527,circle-xmark
U+F058,61528,circle-check
U+F059,61529,circle-question
U+F05A,61530,circle-info
U+F05B,61531,crosshairs
U+F05C,61532,circle-xmark
U+F05D,61533,circle-check
U+F05E,61534,ban
U+F060,61536,arrow-left
U+F061,61537,arrow-right
U+F062,61538,arrow-up
U+F063,61539,arrow-down
U+F064,61540,share
U+F065,61541,expand
U+F066,61542,compress
U+F067,61543,plus
U+F068,61544,minus
U+F069,61545,asterisk
U+F06A,61546,circle-exclamation
U+F06B,61547,gift
U+F06C,61548,leaf
U+F06D,61549,fire
U+F06E,61550,eye
U+F070,61552,eye-slash
U+F071,61553,triangle-exclamation
U+F072,61554,plane
U+F073,61555,calendar-days
U+F074,61556,shuffle
U+F075,61557,comment
U+F076,61558,magnet
U+F077,61559,chevron-up
U+F078,61560,chevron-down
U+F079,61561,retweet
U+F07A,61562,cart-shopping
U+F07B,61563,folder
U+F07C,61564,folder-open
U+F07D,61565,arrows-up-down
U+F07E,61566,arrows-left-right
U+F080,61568,chart-bar
U+F083,61571,camera-retro
U+F084,61572,key
U+F085,61573,gears
U+F086,61574,comments
U+F087,61575,thumbs-up
U+F088,61576,thumbs-down
U+F089,61577,star-half
U+F08A,61578,heart
U+F08B,61579,arrow-right-from-bracket
U+F08D,61581,thumbtack
U+F08E,61582,arrow-up-right-from-square
U+F090,61584,arrow-right-to-bracket
U+F091,61585,trophy
U+F093,61587,upload
U+F094,61588,lemon
U+F095,61589,phone
U+F096,61590,square
U+F097,61591,bookmark
U+F098,61592,square-phone
U+F09C,61596,unlock
U+F09D,61597,credit-card
U+F09E,61598,rss
U+F0A0,61600,hard-drive
U+F0A1,61601,bullhorn
U+F0A2,61602,bell
U+F0A3,61603,certificate
U+F0A4,61604,hand-point-right
U+F0A5,61605,hand-point-left
U+F0A6,61606,hand-point-up
U+F0A7,61607,hand-point-down
U+F0A8,61608,circle-arrow-left
U+F0A9,61609,circle-arrow-right
U+F0AA,61610,circle-arrow-up
U+F0AB,61611,circle-arrow-down
U+F0AC,61612,globe
U+F0AD,61613,wrench
U+F0AE,61614,list-check
U+F0B0,61616,filter
U+F0B1,61617,briefcase
U+F0B2,61618,up-down-left-right
U+F0C0,61632,users
U+F0C1,61633,link
U+F0C2,61634,cloud
U+F0C3,61635,flask
U+F0C4,61636,scissors
U+F0C5,61637,copy
U+F0C6,61638,paperclip
U+F0C7,61639,floppy-disk
U+F0C8,61640,square
U+F0C9,61641,bars
U+F0CA,61642,list-ul
U+F0CB,61643,list-ol
U+F0CC,61644,strikethrough
U+F0CD,61645,underline
U+F0CE,61646,table
U+F0D0,61648,wand-magic
U+F0D1,61649,truck
U+F0D6,61654,money-bill
U+F0D7,61655,caret-down
U+F0D8,61656,caret-up
U+F0D9,61657,caret-left
U+F0DA,61658,caret-right
U+F0DB,61659,table-columns
U+F0DC,61660,sort
U+F0DD,61661,sort-down
U+F0DE,61662,sort-up
U+F0E0,61664,envelope
U+F0E2,61666,arrow-rotate-left
U+F0E3,61667,gavel
U+F0E4,61668,gauge-simple-high
U+F0E5,61669,comment
U+F0E6,61670,comments
U+F0E7,61671,bolt
U+F0E8,61672,sitemap
U+F0E9,61673,umbrella
U+F0EA,61674,paste
U+F0EB,61675,lightbulb
U+F0EC,61676,arrow-right-arrow-left
U+F0ED,61677,cloud-arrow-down
U+F0EE,61678,cloud-arrow-up
U+F0F0,61680,user-doctor
U+F0F1,61681,stethoscope
U+F0F2,61682,suitcase
U+F0F3,61683,bell
U+F0F4,61684,mug-saucer
U+F0F5,61685,utensils
U+F0F6,61686,file-lines
U+F0F7,61687,building
U+F0F8,61688,hospital
U+F0F9,61689,truck-medical
U+F0FA,61690,suitcase-medical
U+F0FB,61691,jet-fighter
U+F0FC,61692,beer-mug-empty
U+F0FD,61693,square-h
U+F0FE,61694,square-plus
U+F100,61696,angles-left
U+F101,61697,angles-right
U+F102,61698,angles-up
U+F103,61699,angles-down
U+F104,61700,angle-left
U+F105,61701,angle-right
U+F106,61702,angle-up
U+F107,61703,angle-down
U+F108,61704,desktop
U+F109,61705,laptop
U+F10A,61706,tablet-button
U+F10B,61707,mobile-button
U+F10C,61708,circle
U+F10D,61709,quote-left
U+F10E,61710,quote-right
U+F110,61712,spinner
U+F111,61713,circle
U+F112,61714,reply
U+F114,61716,folder
U+F115,61717,folder-open
U+F118,61720,face-smile
U+F119,61721,face-frown
U+F11A,61722,face-meh
U+F11B,61723,gamepad
U+F11C,61724,keyboard
U+F11D,61725,flag
U+F11E,61726,flag-checkered
U+F120,61728,terminal
U+F121,61729,code
U+F122,61730,reply-all
U+F123,61731,star-half
U+F124,61732,location-arrow
U+F125,61733,crop
U+F126,61734,code-branch
U+F127,61735,link-slash
U+F128,61736,question
U+F129,61737,info
U+F12A,61738,exclamation
U+F12B,61739,superscript
U+F12C,61740,subscript
U+F12D,61741,eraser
U+F12E,61742,puzzle-piece
U+F130,61744,microphone
U+F131,61745,microphone-slash
U+F132,61746,shield
U+F133,61747,calendar
U+F134,61748,fire-extinguisher
U+F135,61749,rocket
U+F137,61751,circle-chevron-left
U+F138,61752,circle-chevron-right
U+F139,61753,circle-chevron-up
U+F13A,61754,circle-chevron-down
U+F13D,61757,anchor
U+F13E,61758,unlock-keyhole
U+F140,61760,bullseye
U+F141,61761,ellipsis
U+F142,61762,ellipsis-vertical
U+F143,61763,square-rss
U+F144,61764,circle-play
U+F145,61765,ticket
U+F146,61766,square-minus
U+F147,61767,square-minus
U+F148,61768,arrow-turn-up
U+F149,61769,arrow-turn-down
U+F14A,61770,square-check
U+F14B,61771,square-pen
U+F14C,61772,square-arrow-up-right
U+F14D,61773,share-from-square
U+F14E,61774,compass
U+F150,61776,square-caret-down
U+F151,61777,square-caret-up
U+F152,61778,square-caret-right
U+F153,61779,euro-sign
U+F154,61780,sterling-sign
U+F155,61781,dollar-sign
U+F156,61782,rupee-sign
U+F157,61783,yen-sign
U+F158,61784,ruble-sign
U+F159,61785,won-sign
U+F15B,61787,file
U+F15C,61788,file-lines
U+F15D,61789,arrow-down-a-z
U+F15E,61790,arrow-up-a-z
U+F160,61792,arrow-down-wide-short
U+F161,61793,arrow-up-wide-short
U+F162,61794,arrow-down-1-9
U+F163,61795,arrow-up-1-9
U+F164,61796,thumbs-up
U+F165,61797,thumbs-down
U+F175,61813,arrow-down-long
U+F176,61814,arrow-up-long
U+F177,61815,arrow-left-long
U+F178,61816,arrow-right-long
U+F182,61826,person-dress
U+F183,61827,person
U+F185,61829,sun
U+F186,61830,moon
U+F187,61831,box-archive
U+F188,61832,bug
U+F18E,61838,circle-right
U+F190,61840,circle-left
U+F191,61841,square-caret-left
U+F192,61842,circle-dot
U+F193,61843,wheelchair
U+F195,61845,lira-sign
U+F196,61846,square-plus
U+F197,61847,shuttle-space
U+F199,61849,square-envelope
U+F19C,61852,building-columns
U+F19D,61853,graduation-cap
U+F1AB,61867,language
U+F1AC,61868,fax
U+F1AD,61869,building
U+F1AE,61870,child
U+F1B0,61872,paw
U+F1B1,61873,spoon
U+F1B2,61874,cube
U+F1B3,61875,cubes
U+F1B8,61880,recycle
U+F1B9,61881,car
U+F1BA,61882,taxi
U+F1BB,61883,tree
U+F1C0,61888,database
U+F1C1,61889,file-pdf
U+F1C2,61890,file-word
U+F1C3,61891,file-excel
U+F1C4,61892,file-powerpoint
U+F1C5,61893,file-image
U+F1C6,61894,file-zipper
U+F1C7,61895,file-audio
U+F1C8,61896,file-video
U+F1C9,61897,file-code
U+F1CD,61901,life-ring
U+F1CE,61902,circle-notch
U+F1D8,61912,paper-plane
U+F1D9,61913,paper-plane
U+F1DA,61914,clock-rotate-left
U+F1DB,61915,circle
U+F1DC,61916,heading
U+F1DD,61917,paragraph
U+F1DE,61918,sliders
U+F1E0,61920,share-nodes
U+F1E1,61921,square-share-nodes
U+F1E2,61922,bomb
U+F1E3,61923,futbol
U+F1E4,61924,tty
U+F1E5,61925,binoculars
U+F1E6,61926,plug
U+F1EA,61930,newspaper
U+F1EB,61931,wifi
U+F1EC,61932,calculator
U+F1F6,61942,bell-slash
U+F1F7,61943,bell-slash
U+F1F8,61944,trash
U+F1F9,61945,copyright
U+F1FA,61946,at
U+F1FB,61947,eye-dropper
U+F1FC,61948,paintbrush
U+F1FD,61949,cake-candles
U+F1FE,61950,chart-area
U+F200,61952,chart-pie
U+F201,61953,chart-line
U+F204,61956,toggle-off
U+F205,61957,toggle-on
U+F206,61958,bicycle
U+F207,61959,bus
U+F20A,61962,closed-captioning
U+F20B,61963,shekel-sign
U+F217,61975,cart-plus
U+F218,61976,cart-arrow-down
U+F219,61977,diamond
U+F21A,61978,ship
U+F21B,61979,user-secret
U+F21C,61980,motorcycle
U+F21D,61981,street-view
U+F21E,61982,heart-pulse
U+F221,61985,venus
U+F222,61986,mars
U+F223,61987,mercury
U+F224,61988,mars-and-venus
U+F225,61989,transgender
U+F226,61990,venus-double
U+F227,61991,mars-double
U+F228,61992,venus-mars
U+F229,61993,mars-stroke
U+F22A,61994,mars-stroke-up
U+F22B,61995,mars-stroke-right
U+F22C,61996,neuter
U+F22D,61997,genderless
U+F233,62003,server
U+F234,62004,user-plus
U+F235,62005,user-xmark
U+F236,62006,bed
U+F238,62008,train
U+F239,62009,train-subway
U+F240,62016,battery-full
U+F241,62017,battery-three-quarters
U+F242,62018,battery-half
U+F243,62019,battery-quarter
U+F244,62020,battery-empty
U+F245,62021,arrow-pointer
U+F246,62022,i-cursor
U+F247,62023,object-group
U+F248,62024,object-ungroup
U+F249,62025,note-sticky
U+F24A,62026,note-sticky
U+F24D,62029,clone
U+F24E,62030,scale-balanced
U+F250,62032,hourglass
U+F251,62033,hourglass-start
U+F252,62034,hourglass-half
U+F253,62035,hourglass-end
U+F254,62036,hourglass
U+F255,62037,hand-back-fist
U+F256,62038,hand
U+F257,62039,hand-scissors
U+F258,62040,hand-lizard
U+F259,62041,hand-spock
U+F25A,62042,hand-pointer
U+F25B,62043,hand-peace
U+F25C,62044,trademark
U+F25D,62045,registered
U+F26C,62060,tv
U+F271,62065,calendar-plus
U+F272,62066,calendar-minus
U+F273,62067,calendar-xmark
U+F274,62068,calendar-check
U+F275,62069,industry
U+F276,62070,map-pin
U+F277,62071,signs-post
U+F278,62072,map
U+F279,62073,map
U+F27A,62074,message
U+F27B,62075,comment-dots
U+F283,62083,credit-card
U+F28B,62091,circle-pause
U+F28C,62092,circle-pause
U+F28D,62093,circle-stop
U+F28E,62094,circle-stop
U+F290,62096,bag-shopping
U+F291,62097,basket-shopping
U+F292,62098,hashtag
U+F295,62101,percent
U+F29A,62106,universal-access
U+F29C,62108,circle-question
U+F29D,62109,person-walking-with-cane
U+F29E,62110,audio-description
U+F2A0,62112,phone-volume
U+F2A1,62113,braille
U+F2A2,62114,ear-listen
U+F2A3,62115,hands-asl-interpreting
U+F2A4,62116,ear-deaf
U+F2A7,62119,hands
U+F2A8,62120,eye-low-vision
U+F2B4,62132,font-awesome
U+F2B5,62133,handshake
U+F2B6,62134,envelope-open
U+F2B7,62135,envelope-open
U+F2B9,62137,address-book
U+F2BA,62138,address-book
U+F2BB,62139,address-card
U+F2BC,62140,address-card
U+F2BD,62141,circle-user
U+F2BE,62142,circle-user
U+F2C0,62144,user
U+F2C1,62145,id-badge
U+F2C2,62146,id-card
U+F2C3,62147,id-card
U+F2C7,62151,temperature-full
U+F2C8,62152,temperature-three-quarters
U+F2C9,62153,temperature-half
U+F2CA,62154,temperature-quarter
U+F2CB,62155,temperature-empty
U+F2CC,62156,shower
U+F2CD,62157,bath
U+F2CE,62158,podcast
U+F2D0,62160,window-maximize
U+F2D1,62161,window-minimize
U+F2D2,62162,window-restore
U+F2D3,62163,square-xmark
U+F2D4,62164,rectangle-xmark
U+F2DB,62171,microchip
U+F2DC,62172,snowflake
U+F2E5,62181,spoon
U+F2E7,62183,utensils
U+F2EA,62186,rotate-left
U+F2ED,62189,trash-can
U+F2F1,62193,rotate
U+F2F2,62194,stopwatch
U+F2F5,62197,right-from-bracket
U+F2F6,62198,right-to-bracket
U+F2F9,62201,rotate-right
U+F2FE,62206,poo
U+F302,62210,images
U+F303,62211,pencil
U+F304,62212,pen
U+F305,62213,pen-clip
U+F306,62214,octagon
U+F309,62217,down-long
U+F30A,62218,left-long
U+F30B,62219,right-long
U+F30C,62220,up-long
U+F312,62226,hexagon
U+F31C,62236,file-pen
U+F31E,62238,maximize
U+F328,62248,clipboard
U+F332,62258,camera
U+F337,62263,left-right
U+F338,62264,up-down
U+F34E,62286,alarm-clock
U+F358,62296,circle-down
U+F359,62297,circle-left
U+F35A,62298,circle-right
U+F35B,62299,circle-up
U+F35D,62301,up-right-from-square
U+F360,62304,square-up-right
U+F362,62306,right-left
U+F363,62307,repeat
U+F381,62337,cloud-arrow-down
U+F382,62338,cloud-arrow-up
U+F386,62342,code-commit
U+F387,62343,code-merge
U+F390,62352,desktop
U+F3A0,62368,film
U+F3A5,62373,gem
U+F3BE,62398,turn-down
U+F3BF,62399,turn-up
U+F3C1,62401,lock-open
U+F3C5,62405,location-dot
U+F3C9,62409,microphone-lines
U+F3CD,62413,mobile-screen-button
U+F3CE,62414,mobile
U+F3CF,62415,mobile-screen
U+F3D1,62417,money-bill-1
U+F3DD,62429,phone-slash
U+F3E0,62432,image-portrait
U+F3E5,62437,reply
U+F3ED,62445,shield-halved
U+F3FA,62458,tablet-screen-button
U+F3FB,62459,tablet
U+F3FD,62461,gauge-high
U+F3FF,62463,ticket-simple
U+F406,62470,user
U+F410,62480,rectangle-xmark
U+F422,62498,down-left-and-up-right-to-center
U+F424,62500,up-right-and-down-left-from-center
U+F425,62501,font-awesome
U+F432,62514,baseball-bat-ball
U+F433,62515,baseball
U+F434,62516,basketball
U+F436,62518,bowling-ball
U+F439,62521,chess
U+F43A,62522,chess-bishop
U+F43C,62524,chess-board
U+F43F,62527,chess-king
U+F441,62529,chess-knight
U+F443,62531,chess-pawn
U+F445,62533,chess-queen
U+F447,62535,chess-rook
U+F44B,62539,dumbbell
U+F44E,62542,football
U+F450,62544,golf-ball-tee
U+F453,62547,hockey-puck
U+F458,62552,broom-ball
U+F45C,62556,square-full
U+F45D,62557,table-tennis-paddle-ball
U+F45F,62559,volleyball
U+F461,62561,hand-dots
U+F462,62562,bandage
U+F466,62566,box
U+F468,62568,boxes-stacked
U+F469,62569,briefcase-medical
U+F46A,62570,fire-flame-simple
U+F46B,62571,capsules
U+F46C,62572,clipboard-check
U+F46D,62573,clipboard-list
U+F470,62576,person-dots-from-line
U+F471,62577,dna
U+F472,62578,dolly
U+F474,62580,cart-flatbed
U+F477,62583,file-medical
U+F478,62584,file-waveform
U+F479,62585,kit-medical
U+F47D,62589,hospital
U+F47E,62590,circle-h
U+F47F,62591,id-card-clip
U+F481,62593,notes-medical
U+F482,62594,pallet
U+F484,62596,pills
U+F485,62597,prescription-bottle
U+F486,62598,prescription-bottle-medical
U+F487,62599,bed-pulse
U+F48B,62603,truck-fast
U+F48D,62605,smoking
U+F48E,62606,syringe
U+F490,62608,tablets
U+F491,62609,thermometer
U+F492,62610,vial
U+F493,62611,vials
U+F494,62612,warehouse
U+F496,62614,weight-scale
U+F497,62615,x-ray
U+F49E,62622,box-open
U+F4A1,62625,boxes-stacked
U+F4AD,62637,comment-dots
U+F4B3,62643,comment-slash
U+F4B8,62648,couch
U+F4B9,62649,circle-dollar-to-slot
U+F4BA,62650,dove
U+F4BD,62653,hand-holding
U+F4BE,62654,hand-holding-heart
U+F4C0,62656,hand-holding-dollar
U+F4C1,62657,hand-holding-droplet
U+F4C2,62658,hands-holding
U+F4C4,62660,handshake-angle
U+F4C6,62662,handshake
U+F4CD,62669,parachute-box
U+F4CE,62670,people-carry-box
U+F4D3,62675,piggy-bank
U+F4D6,62678,ribbon
U+F4D7,62679,route
U+F4D8,62680,seedling
U+F4D9,62681,sign-hanging
U+F4DA,62682,face-smile-wink
U+F4DB,62683,tape
U+F4DE,62686,truck-ramp-box
U+F4DF,62687,truck-moving
U+F4E2,62690,video-slash
U+F4E3,62691,wine-glass
U+F4E6,62694,font-awesome
U+F4FA,62714,user-slash
U+F4FB,62715,user-astronaut
U+F4FC,62716,user-check
U+F4FD,62717,user-clock
U+F4FE,62718,user-gear
U+F4FF,62719,user-pen
U+F500,62720,user-group
U+F501,62721,user-graduate
U+F502,62722,user-lock
U+F503,62723,user-minus
U+F504,62724,user-ninja
U+F505,62725,user-shield
U+F506,62726,user-slash
U+F507,62727,user-tag
U+F508,62728,user-tie
U+F509,62729,users-gear
U+F515,62741,scale-unbalanced
U+F516,62742,scale-unbalanced-flip
U+F517,62743,blender
U+F518,62744,book-open
U+F519,62745,tower-broadcast
U+F51A,62746,broom
U+F51B,62747,chalkboard
U+F51C,62748,chalkboard-user
U+F51D,62749,church
U+F51E,62750,coins
U+F51F,62751,compact-disc
U+F520,62752,crow
U+F521,62753,crown
U+F522,62754,dice
U+F523,62755,dice-five
U+F524,62756,dice-four
U+F525,62757,dice-one
U+F526,62758,dice-six
U+F527,62759,dice-three
U+F528,62760,dice-two
U+F529,62761,divide
U+F52A,62762,door-closed
U+F52B,62763,door-open
U+F52C,62764,equals
U+F52D,62765,feather
U+F52E,62766,frog
U+F52F,62767,gas-pump
U+F530,62768,glasses
U+F531,62769,greater-than
U+F532,62770,greater-than-equal
U+F533,62771,helicopter
U+F534,62772,infinity
U+F535,62773,kiwi-bird
U+F536,62774,less-than
U+F537,62775,less-than-equal
U+F538,62776,memory
U+F539,62777,microphone-lines-slash
U+F53A,62778,money-bill-wave
U+F53B,62779,money-bill-1-wave
U+F53C,62780,money-check
U+F53D,62781,money-check-dollar
U+F53E,62782,not-equal
U+F53F,62783,palette
U+F540,62784,square-parking
U+F541,62785,percent
U+F542,62786,diagram-project
U+F543,62787,receipt
U+F544,62788,robot
U+F545,62789,ruler
U+F546,62790,ruler-combined
U+F547,62791,ruler-horizontal
U+F548,62792,ruler-vertical
U+F549,62793,school
U+F54A,62794,screwdriver
U+F54B,62795,shoe-prints
U+F54C,62796,skull
U+F54D,62797,ban-smoking
U+F54E,62798,store
U+F54F,62799,shop
U+F550,62800,bars-staggered
U+F551,62801,stroopwafel
U+F552,62802,toolbox
U+F553,62803,shirt
U+F554,62804,person-walking
U+F555,62805,wallet
U+F556,62806,face-angry
U+F557,62807,archway
U+F558,62808,book-atlas
U+F559,62809,award
U+F55A,62810,delete-left
U+F55B,62811,bezier-curve
U+F55C,62812,bong
U+F55D,62813,brush
U+F55E,62814,bus-simple
U+F55F,62815,cannabis
U+F560,62816,check-double
U+F561,62817,martini-glass-citrus
U+F562,62818,bell-concierge
U+F563,62819,cookie
U+F564,62820,cookie-bite
U+F565,62821,crop-simple
U+F566,62822,tachograph-digital
U+F567,62823,face-dizzy
U+F568,62824,compass-drafting
U+F569,62825,drum
U+F56A,62826,drum-steelpan
U+F56B,62827,feather-pointed
U+F56C,62828,file-contract
U+F56D,62829,file-arrow-down
U+F56E,62830,file-export
U+F56F,62831,file-import
U+F570,62832,file-invoice
U+F571,62833,file-invoice-dollar
U+F572,62834,file-prescription
U+F573,62835,file-signature
U+F574,62836,file-arrow-up
U+F575,62837,fill
U+F576,62838,fill-drip
U+F577,62839,fingerprint
U+F578,62840,fish
U+F579,62841,face-flushed
U+F57A,62842,face-frown-open
U+F57B,62843,martini-glass
U+F57C,62844,earth-africa
U+F57D,62845,earth-americas
U+F57E,62846,earth-asia
U+F57F,62847,face-grimace
U+F580,62848,face-grin
U+F581,62849,face-grin-wide
U+F582,62850,face-grin-beam
U+F583,62851,face-grin-beam-sweat
U+F584,62852,face-grin-hearts
U+F585,62853,face-grin-squint
U+F586,62854,face-grin-squint-tears
U+F587,62855,face-grin-stars
U+F588,62856,face-grin-tears
U+F589,62857,face-grin-tongue
U+F58A,62858,face-grin-tongue-squint
U+F58B,62859,face-grin-tongue-wink
U+F58C,62860,face-grin-wink
U+F58D,62861,grip
U+F58E,62862,grip-vertical
U+F58F,62863,headphones
U+F590,62864,headset
U+F591,62865,highlighter
U+F593,62867,hot-tub-person
U+F594,62868,hotel
U+F595,62869,joint
U+F596,62870,face-kiss
U+F597,62871,face-kiss-beam
U+F598,62872,face-kiss-wink-heart
U+F599,62873,face-laugh
U+F59A,62874,face-laugh-beam
U+F59B,62875,face-laugh-squint
U+F59C,62876,face-laugh-wink
U+F59D,62877,cart-flatbed-suitcase
U+F59F,62879,map-location
U+F5A0,62880,map-location-dot
U+F5A1,62881,marker
U+F5A2,62882,medal
U+F5A4,62884,face-meh-blank
U+F5A5,62885,face-rolling-eyes
U+F5A6,62886,monument
U+F5A7,62887,mortar-pestle
U+F5AA,62890,paint-roller
U+F5AB,62891,passport
U+F5AC,62892,pen-fancy
U+F5AD,62893,pen-nib
U+F5AE,62894,pen-ruler
U+F5AF,62895,plane-arrival
U+F5B0,62896,plane-departure
U+F5B1,62897,prescription
U+F5B3,62899,face-sad-cry
U+F5B4,62900,face-sad-tear
U+F5B6,62902,van-shuttle
U+F5B7,62903,signature
U+F5B8,62904,face-smile-beam
U+F5BA,62906,solar-panel
U+F5BB,62907,spa
U+F5BC,62908,splotch
U+F5BD,62909,spray-can
U+F5BF,62911,stamp
U+F5C0,62912,star-half-stroke
U+F5C1,62913,suitcase-rolling
U+F5C2,62914,face-surprise
U+F5C3,62915,swatchbook
U+F5C4,62916,person-swimming
U+F5C5,62917,water-ladder
U+F5C7,62919,droplet-slash
U+F5C8,62920,face-tired
U+F5C9,62921,tooth
U+F5CA,62922,umbrella-beach
U+F5CD,62925,weight-hanging
U+F5CE,62926,wine-glass-empty
U+F5D0,62928,spray-can-sparkles
U+F5D1,62929,apple-whole
U+F5D2,62930,atom
U+F5D7,62935,bone
U+F5DA,62938,book-open-reader
U+F5DC,62940,brain
U+F5DE,62942,car-rear
U+F5DF,62943,car-battery
U+F5E1,62945,car-burst
U+F5E4,62948,car-side
U+F5E7,62951,charging-station
U+F5EB,62955,diamond-turn-right
U+F5EE,62958,draw-polygon
U+F5FC,62972,laptop-code
U+F5FD,62973,layer-group
U+F601,62977,location-crosshairs
U+F604,62980,lungs
U+F610,62992,microscope
U+F613,62995,oil-can
U+F619,63001,poop
U+F61F,63007,shapes
U+F621,63009,star-of-life
U+F624,63012,gauge
U+F625,63013,gauge-high
U+F629,63017,gauge-simple
U+F62A,63018,gauge-simple-high
U+F62E,63022,teeth
U+F62F,63023,teeth-open
U+F630,63024,masks-theater
U+F637,63031,traffic-light
U+F63B,63035,truck-monster
U+F63C,63036,truck-pickup
U+F641,63041,rectangle-ad
U+F644,63044,ankh
U+F647,63047,book-bible
U+F64A,63050,business-time
U+F64F,63055,city
U+F651,63057,comment-dollar
U+F653,63059,comments-dollar
U+F654,63060,cross
U+F655,63061,dharmachakra
U+F658,63064,envelope-open-text
U+F65D,63069,folder-minus
U+F65E,63070,folder-plus
U+F662,63074,filter-circle-dollar
U+F664,63076,gopuram
U+F665,63077,hamsa
U+F666,63078,bahai
U+F669,63081,jedi
U+F66A,63082,book-journal-whills
U+F66B,63083,kaaba
U+F66D,63085,khanda
U+F66F,63087,landmark
U+F674,63092,envelopes-bulk
U+F676,63094,menorah
U+F678,63096,mosque
U+F679,63097,om
U+F67B,63099,spaghetti-monster-flying
U+F67C,63100,peace
U+F67F,63103,place-of-worship
U+F681,63105,square-poll-vertical
U+F682,63106,square-poll-horizontal
U+F683,63107,person-praying
U+F684,63108,hands-praying
U+F687,63111,book-quran
U+F688,63112,magnifying-glass-dollar
U+F689,63113,magnifying-glass-location
U+F696,63126,socks
U+F698,63128,square-root-variable
U+F699,63129,star-and-crescent
U+F69A,63130,star-of-david
U+F69B,63131,synagogue
U+F6A0,63136,scroll-torah
U+F6A1,63137,torii-gate
U+F6A7,63143,vihara
U+F6A8,63144,volume
U+F6A9,63145,volume-xmark
U+F6AD,63149,yin-yang
U+F6B6,63158,blender-phone
U+F6B7,63159,book-skull
U+F6BB,63163,campground
U+F6BE,63166,cat
U+F6C0,63168,chair
U+F6C3,63171,cloud-moon
U+F6C4,63172,cloud-sun
U+F6C8,63176,cow
U+F6CF,63183,dice-d20
U+F6D1,63185,dice-d6
U+F6D3,63187,dog
U+F6D5,63189,dragon
U+F6D7,63191,drumstick-bite
U+F6D9,63193,dungeon
U+F6DD,63197,file-csv
U+F6DE,63198,hand-fist
U+F6E2,63202,ghost
U+F6E3,63203,hammer
U+F6E6,63206,hanukiah
U+F6E8,63208,hat-wizard
U+F6EC,63212,person-hiking
U+F6ED,63213,hippo
U+F6F0,63216,horse
U+F6F1,63217,house-chimney-crack
U+F6F2,63218,hryvnia-sign
U+F6FA,63226,mask
U+F6FC,63228,mountain
U+F6FF,63231,network-wired
U+F700,63232,otter
U+F70B,63243,ring
U+F70C,63244,person-running
U+F70E,63246,scroll
U+F714,63252,skull-crossbones
U+F715,63253,slash
U+F717,63255,spider
U+F71E,63262,toilet-paper
U+F71F,63263,toilet-paper
U+F722,63266,tractor
U+F728,63272,user-injured
U+F729,63273,vr-cardboard
U+F72B,63275,wand-sparkles
U+F72E,63278,wind
U+F72F,63279,wine-bottle
U+F73B,63291,cloud-meatball
U+F73C,63292,cloud-moon-rain
U+F73D,63293,cloud-rain
U+F740,63296,cloud-showers-heavy
U+F743,63299,cloud-sun-rain
U+F747,63303,democrat
U+F74D,63309,flag-usa
U+F751,63313,hurricane
U+F752,63314,landmark-dome
U+F753,63315,meteor
U+F756,63318,person-booth
U+F75A,63322,poo-storm
U+F75B,63323,rainbow
U+F75E,63326,republican
U+F75F,63327,smog
U+F769,63337,temperature-high
U+F76B,63339,temperature-low
U+F76C,63340,cloud-bolt
U+F76F,63343,tornado
U+F770,63344,volcano
U+F772,63346,check-to-slot
U+F773,63347,water
U+F77C,63356,baby
U+F77D,63357,baby-carriage
U+F780,63360,biohazard
U+F781,63361,blog
U+F783,63363,calendar-day
U+F784,63364,calendar-week
U+F786,63366,candy-cane
U+F787,63367,carrot
U+F788,63368,cash-register
U+F78C,63372,minimize
U+F793,63379,dumpster
U+F794,63380,dumpster-fire
U+F796,63382,ethernet
U+F79C,63388,gifts
U+F79F,63391,champagne-glasses
U+F7A0,63392,whiskey-glass
U+F7A2,63394,earth-europe
U+F7A4,63396,grip-lines
U+F7A5,63397,grip-lines-vertical
U+F7A6,63398,guitar
U+F7A9,63401,heart-crack
U+F7AA,63402,holly-berry
U+F7AB,63403,horse-head
U+F7AD,63405,icicles
U+F7AE,63406,igloo
U+F7B5,63413,mitten
U+F7B6,63414,mug-hot
U+F7B9,63417,radiation
U+F7BA,63418,circle-radiation
U+F7BD,63421,restroom
U+F7BF,63423,satellite
U+F7C0,63424,satellite-dish
U+F7C2,63426,sd-card
U+F7C4,63428,sim-card
U+F7C5,63429,person-skating
U+F7C9,63433,person-skiing
U+F7CA,63434,person-skiing-nordic
U+F7CC,63436,sleigh
U+F7CD,63437,comment-sms
U+F7CE,63438,person-snowboarding
U+F7D0,63440,snowman
U+F7D2,63442,snowplow
U+F7D7,63447,tenge-sign
U+F7D8,63448,toilet
U+F7D9,63449,screwdriver-wrench
U+F7DA,63450,cable-car
U+F7E4,63460,fire-flame-curved
U+F7E5,63461,bacon
U+F7E6,63462,book-medical
U+F7EC,63468,bread-slice
U+F7EF,63471,cheese
U+F7F2,63474,house-chimney-medical
U+F7F3,63475,clipboard-user
U+F7F5,63477,comment-medical
U+F7F7,63479,crutch
U+F7FA,63482,disease
U+F7FB,63483,egg
U+F802,63490,folder-tree
U+F805,63493,burger
U+F806,63494,hand-middle-finger
U+F807,63495,helmet-safety
U+F80A,63498,house
U+F80B,63499,house-chimney
U+F80C,63500,house
U+F80D,63501,hospital-user
U+F80F,63503,hotdog
U+F810,63504,ice-cream
U+F812,63506,laptop-medical
U+F815,63509,pager
U+F816,63510,pepper-hot
U+F818,63512,pizza-slice
U+F81D,63517,sack-dollar
U+F827,63527,book-tanakh
U+F828,63528,bars-progress
U+F829,63529,trash-arrow-up
U+F82A,63530,trash-can-arrow-up
U+F82F,63535,user-nurse
U+F83E,63550,wave-square
U+F84A,63562,person-biking
U+F84C,63564,border-all
U+F850,63568,border-none
U+F853,63571,border-top-left
U+F85E,63582,person-digging
U+F863,63587,fan
U+F86D,63597,icons
U+F879,63609,phone-flip
U+F87B,63611,square-phone-flip
U+F87C,63612,photo-film
U+F87D,63613,text-slash
U+F881,63617,arrow-down-z-a
U+F882,63618,arrow-up-z-a
U+F884,63620,arrow-down-short-wide
U+F885,63621,arrow-up-short-wide
U+F886,63622,arrow-down-9-1
U+F887,63623,arrow-up-9-1
U+F891,63633,spell-check
U+F897,63639,voicemail
U+F8C0,63680,hat-cowboy
U+F8C1,63681,hat-cowboy-side
U+F8CC,63692,computer-mouse
U+F8D7,63703,radio
U+F8D9,63705,record-vinyl
U+F8E5,63717,tv
U+F8EF,63727,walkie-talkie
U+F8FF,63743,caravan
U+1F17F,127359,square-parking
U+1F308,127752,rainbow
U+1F30B,127755,volcano
U+1F30D,127757,earth-africa
U+1F30E,127758,earth-americas
U+1F30F,127759,earth-asia
U+1F310,127760,globe
U+1F319,127769,moon
U+1F321,127777,temperature-half
U+1F326,127782,cloud-sun-rain
U+1F327,127783,cloud-rain
U+1F329,127785,cloud-bolt
U+1F32A,127786,tornado
U+1F32D,127789,hotdog
U+1F331,127793,seedling
U+1F332,127794,tree
U+1F336,127798,pepper-hot
U+1F34B,127819,lemon
U+1F34E,127822,apple-whole
U+1F34F,127823,apple-whole
U+1F368,127848,ice-cream
U+1F36A,127850,cookie
U+1F374,127860,utensils
U+1F377,127863,wine-glass
U+1F378,127864,martini-glass
U+1F381,127873,gift
U+1F382,127874,cake-candles
U+1F393,127891,graduation-cap
U+1F397,127895,ribbon
U+1F399,127897,microphone-lines
U+1F39E,127902,film
U+1F39F,127903,ticket
U+1F3A7,127911,headphones
U+1F3A8,127912,palette
U+1F3AD,127917,masks-theater
U+1F3B2,127922,dice
U+1F3B5,127925,music
U+1F3C0,127936,basketball
U+1F3C1,127937,flag-checkered
U+1F3C2,127938,person-snowboarding
U+1F3C3,127939,person-running
U+1F3C5,127941,medal
U+1F3C6,127942,trophy
U+1F3C8,127944,football
U+1F3CA,127946,person-swimming
U+1F3CD,127949,motorcycle
U+1F3D0,127952,volleyball
U+1F3D3,127955,table-tennis-paddle-ball
U+1F3D4,127956,mountain
U+1F3D6,127958,umbrella-beach
U+1F3D9,127961,city
U+1F3DB,127963,landmark
U+1F3E0,127968,house
U+1F3E2,127970,building
U+1F3E5,127973,hospital
U+1F3E8,127976,hotel
U+1F3EB,127979,school
U+1F3F4,127988,flag
U+1F3F7,127991,tag
U+1F404,128004,cow
U+1F408,128008,cat
U+1F409,128009,dragon
U+1F40E,128014,horse
U+1F415,128021,dog
U+1F41F,128031,fish
U+1F441,128065,eye
U+1F44D,128077,thumbs-up
U+1F44E,128078,thumbs-down
U+1F451,128081,crown
U+1F455,128085,shirt
U+1F464,128100,user
U+1F465,128101,user-group
U+1F47B,128123,ghost
U+1F480,128128,skull
U+1F489,128137,syringe
U+1F48E,128142,gem
U+1F494,128148,heart-crack
U+1F499,128153,heart
U+1F49A,128154,heart
U+1F49B,128155,heart
U+1F49C,128156,heart
U+1F4A1,128161,lightbulb
U+1F4A3,128163,bomb
U+1F4A7,128167,droplet
U+1F4A9,128169,poo
U+1F4AC,128172,comment-dots
U+1F4B0,128176,sack-dollar
U+1F4B2,128178,dollar-sign
U+1F4B3,128179,credit-card
U+1F4BB,128187,laptop
U+1F4BC,128188,briefcase
U+1F4BE,128190,floppy-disk
U+1F4BF,128191,compact-disc
U+1F4C0,128192,compact-disc
U+1F4C1,128193,folder
U+1F4C2,128194,folder-open
U+1F4C4,128196,file
U+1F4C5,128197,calendar
U+1F4C6,128198,calendar
U+1F4CB,128203,clipboard
U+1F4CC,128204,thumbtack
U+1F4CD,128205,map-pin
U+1F4CE,128206,paperclip
U+1F4CF,128207,ruler
U+1F4D4,128212,book
U+1F4D6,128214,book-open
U+1F4DC,128220,scroll
U+1F4DD,128221,file-pen
U+1F4DE,128222,phone
U+1F4DF,128223,pager
U+1F4E0,128224,fax
U+1F4E1,128225,satellite-dish
U+1F4E2,128226,bullhorn
U+1F4E6,128230,box
U+1F4F0,128240,newspaper
U+1F4F1,128241,mobile
U+1F4F6,128246,signal
U+1F4F7,128247,camera-retro
U+1F4FB,128251,radio
U+1F500,128256,shuffle
U+1F501,128257,repeat
U+1F504,128260,rotate
U+1F508,128264,volume-low
U+1F509,128265,volume
U+1F50A,128266,volume-high
U+1F50B,128267,battery-full
U+1F50C,128268,plug
U+1F50D,128269,magnifying-glass
U+1F511,128273,key
U+1F512,128274,lock
U+1F513,128275,unlock
U+1F514,128276,bell
U+1F515,128277,bell-slash
U+1F516,128278,bookmark
U+1F517,128279,link
U+1F518,128280,circle-dot
U+1F525,128293,fire
U+1F527,128295,wrench
U+1F528,128296,hammer
U+1F52C,128300,microscope
U+1F534,128308,circle
U+1F535,128309,circle
U+1F547,128327,cross
U+1F549,128329,om
U+1F54A,128330,dove
U+1F54B,128331,kaaba
U+1F54C,128332,mosque
U+1F54D,128333,synagogue
U+1F54E,128334,hanukiah
U+1F553,128339,clock
U+1F56B,128363,bullhorn
U+1F56E,128366,book-open
U+1F571,128369,skull-crossbones
U+1F575,128373,user-secret
U+1F577,128375,spider
U+1F57B,128379,phone
U+1F57D,128381,phone-flip
U+1F582,128386,envelope
U+1F588,128392,thumbtack
U+1F58A,128394,pen
U+1F58B,128395,pen-fancy
U+1F58C,128396,paintbrush
U+1F595,128405,hand-middle-finger
U+1F596,128406,hand-spock
U+1F5A4,128420,heart
U+1F5A5,128421,desktop
U+1F5A8,128424,print
U+1F5A9,128425,calculator
U+1F5AA,128426,floppy-disk
U+1F5B1,128433,computer-mouse
U+1F5B4,128436,hard-drive
U+1F5B6,128438,print
U+1F5B7,128439,fax
U+1F5B8,128440,compact-disc
U+1F5B9,128441,file-lines
U+1F5BB,128443,file-image
U+1F5BF,128447,folder
U+1F5C1,128449,folder-open
U+1F5CB,128459,file
U+1F5CE,128462,file-lines
U+1F5D5,128469,window-minimize
U+1F5D6,128470,window-maximize
U+1F5D8,128472,arrows-rotate
U+1F5D9,128473,xmark
U+1F5E9,128489,comment
U+1F5EA,128490,comments
U+1F5FA,128506,map
U+1F600,128512,face-grin
U+1F601,128513,face-laugh-beam
U+1F602,128514,face-grin-tears
U+1F603,128515,face-grin-wide
U+1F604,128516,face-grin-beam
U+1F605,128517,face-grin-beam-sweat
U+1F606,128518,face-grin-squint
U+1F609,128521,face-smile-wink
U+1F60A,128522,face-smile-beam
U+1F60D,128525,face-grin-hearts
U+1F610,128528,face-meh
U+1F617,128535,face-kiss
U+1F618,128536,face-kiss-wink-heart
U+1F619,128537,face-kiss-beam
U+1F61B,128539,face-grin-tongue
U+1F61C,128540,face-grin-tongue-wink
U+1F61D,128541,face-grin-tongue-squint
U+1F620,128544,face-angry
U+1F622,128546,face-sad-tear
U+1F626,128550,face-frown-open
U+1F62B,128555,face-tired
U+1F62C,128556,face-grimace
U+1F62D,128557,face-sad-cry
U+1F62E,128558,face-surprise
U+1F633,128563,face-flushed
U+1F636,128566,face-meh-blank
U+1F642,128578,face-smile
U+1F644,128580,face-rolling-eyes
U+1F681,128641,helicopter
U+1F686,128646,train
U+1F68A,128650,train-tram
U+1F68D,128653,bus
U+1F690,128656,van-shuttle
U+1F691,128657,truck-medical
U+1F696,128662,taxi
U+1F697,128663,car-side
U+1F698,128664,car
U+1F69A,128666,truck
U+1F69C,128668,tractor
U+1F6A1,128673,cable-car
U+1F6A2,128674,ship
U+1F6A6,128678,traffic-light
U+1F6AA,128682,door-closed
U+1F6AB,128683,ban
U+1F6AC,128684,smoking
U+1F6AD,128685,ban-smoking
U+1F6B0,128688,faucet-drip
U+1F6B2,128690,bicycle
U+1F6B4,128692,person-biking
U+1F6B6,128694,person-walking
U+1F6BD,128701,toilet
U+1F6BF,128703,shower
U+1F6C1,128705,bath
U+1F6CC,128716,bed
U+1F6CE,128718,bell-concierge
U+1F6D0,128720,person-praying
U+1F6D1,128721,octagon
U+1F6D2,128722,cart-shopping
U+1F6E1,128737,shield
U+1F6E3,128739,road
U+1F6EB,128747,plane-departure
U+1F6EC,128748,plane-arrival
U+1F6F0,128752,satellite
U+1F6FB,128763,truck-pickup
U+1F7E0,128992,circle
U+1F7E1,128993,circle
U+1F7E2,128994,circle
U+1F7E3,128995,circle
U+1F7E4,128996,circle
U+1F7E5,128997,square-full
U+1F7E6,128998,square-full
U+1F7E7,128999,square-full
U+1F7E8,129000,square-full
U+1F7E9,129001,square-full
U+1F7EA,129002,square-full
U+1F7EB,129003,square-full
U+1F90D,129293,heart
U+1F90E,129294,heart
U+1F916,129302,robot
U+1F91A,129306,hand
U+1F91D,129309,handshake
U+1F923,129315,face-grin-squint-tears
U+1F929,129321,face-grin-stars
U+1F941,129345,drum
U+1F942,129346,champagne-glasses
U+1F943,129347,whiskey-glass
U+1F944,129348,spoon
U+1F94E,129358,baseball
U+1F953,129363,bacon
U+1F955,129365,carrot
U+1F95A,129370,egg
U+1F977,129399,user-ninja
U+1F990,129424,shrimp
U+1F99B,129435,hippo
U+1F9A6,129446,otter
U+1F9B4,129460,bone
U+1F9B7,129463,tooth
U+1F9CD,129485,person
U+1F9E0,129504,brain
U+1F9E1,129505,heart
U+1F9E6,129510,socks
U+1F9E9,129513,puzzle-piece
U+1F9EA,129514,vial
U+1F9EC,129516,dna
U+1F9ED,129517,compass
U+1F9EF,129519,fire-extinguisher
U+1F9F0,129520,toolbox
U+1F9F2,129522,magnet
U+1F9F3,129523,suitcase
U+1F9F9,129529,broom
U+1F9FB,129531,toilet-paper
U+1F9FC,129532,soap
U+1F9FE,129534,receipt
U+1FA79,129657,bandage
U+1FA7A,129658,stethoscope
U+1FA91,129681,chair
U+1FA9B,129691,screwdriver
U+1FAB6,129718,feather
U+1FAC1,129729,lungs
