chapter,camera,ai_us,learned_us,changed_dots,block_mae,motion_ai_flips,motion_learned_flips,motion_max_disagreement
0,0,152.97,267.39,236,0.0902,84338,84536,278
0,1100,138.44,225.18,511,0.1829,87105,87511,568
0,2200,126.41,225.78,527,0.1710,85229,85736,536
1,0,149.73,221.64,176,0.0833,38091,38153,249
1,1100,122.02,194.08,159,0.0689,52193,52157,212
1,2200,76.10,143.29,41,0.0164,32660,32904,52
2,0,113.96,174.38,244,0.0902,30235,30430,244
2,1100,132.68,194.26,699,0.2810,75526,75703,704
2,2200,121.61,174.37,340,0.1348,32144,32280,356
3,0,96.13,162.00,52,0.0198,25315,25433,79
3,1100,156.52,263.45,738,0.2736,76002,76408,742
3,2200,90.08,160.50,685,0.2790,50132,50562,723
4,0,87.88,147.80,95,0.0322,12370,12498,95
4,1100,91.22,177.86,777,0.2681,87536,88505,891
4,2200,85.47,162.80,567,0.1997,61736,62864,628
5,0,143.49,221.84,80,0.0307,22826,23137,99
5,1100,86.84,150.54,310,0.1239,47193,47226,378
5,2200,66.22,120.42,85,0.0342,20021,20012,112
6,0,102.47,179.81,368,0.1348,64889,65160,419
6,1100,90.57,159.76,476,0.1734,58279,58684,520
6,2200,94.62,157.57,440,0.1457,63179,63786,493
7,0,132.74,194.71,72,0.0317,32311,32317,88
7,1100,102.09,160.18,154,0.0634,35254,35389,154
7,2200,75.48,129.53,90,0.0377,31462,31667,124
8,0,100.83,174.01,361,0.1412,48151,48212,361
8,1100,82.55,144.96,290,0.1150,45366,45625,303
8,2200,80.08,140.28,146,0.0634,39589,39566,171
9,0,99.58,165.90,129,0.0560,33674,33743,139
9,1100,84.15,141.89,368,0.1477,42718,42898,368
9,2200,95.50,151.26,262,0.1031,31942,31977,298
